-- phpMyAdmin SQL Dump
-- version 4.9.2
-- https://www.phpmyadmin.net/
--
-- Servidor: 127.0.0.1
-- Tiempo de generación: 26-02-2020 a las 23:28:48
-- Versión del servidor: 10.4.11-MariaDB
-- Versión de PHP: 7.2.26

SET SQL_MODE = "NO_AUTO_VALUE_ON_ZERO";
SET AUTOCOMMIT = 0;
START TRANSACTION;
SET time_zone = "+00:00";


/*!40101 SET @OLD_CHARACTER_SET_CLIENT=@@CHARACTER_SET_CLIENT */;
/*!40101 SET @OLD_CHARACTER_SET_RESULTS=@@CHARACTER_SET_RESULTS */;
/*!40101 SET @OLD_COLLATION_CONNECTION=@@COLLATION_CONNECTION */;
/*!40101 SET NAMES utf8mb4 */;

--
-- Base de datos: `estratco_empleados`
--

-- --------------------------------------------------------

--
-- Estructura de tabla para la tabla `categoria`
--

CREATE TABLE `categoria` (
  `id` int(11) NOT NULL,
  `nombre` varchar(30) COLLATE utf8_unicode_ci NOT NULL
) ENGINE=InnoDB DEFAULT CHARSET=utf8 COLLATE=utf8_unicode_ci COMMENT='Categoria nivel cargo';

--
-- Volcado de datos para la tabla `categoria`
--

INSERT INTO `categoria` (`id`, `nombre`) VALUES
(1, 'Estrategico'),
(2, 'Tactico-Estrategico'),
(3, 'Tactico'),
(4, 'Operativo');

-- --------------------------------------------------------

--
-- Estructura de tabla para la tabla `evaluados`
--

CREATE TABLE `evaluados` (
  `Identificacion` int(11) NOT NULL,
  `Nombres` varchar(30) COLLATE utf8_unicode_ci NOT NULL,
  `Apellidos` varchar(30) COLLATE utf8_unicode_ci NOT NULL,
  `email` varchar(100) COLLATE utf8_unicode_ci NOT NULL,
  `Area` varchar(30) COLLATE utf8_unicode_ci NOT NULL,
  `Cargo` varchar(30) COLLATE utf8_unicode_ci NOT NULL,
  `idCategoria` int(11) NOT NULL,
  `idConsultor` int(11) NOT NULL
) ENGINE=InnoDB DEFAULT CHARSET=utf8 COLLATE=utf8_unicode_ci;

--
-- Volcado de datos para la tabla `evaluados`
--

INSERT INTO `evaluados` (`Identificacion`, `Nombres`, `Apellidos`, `email`, `Area`, `Cargo`, `idCategoria`, `idConsultor`) VALUES
(1, 'Jorge Luis ', 'Guaca Torres', 'sdfsdf', 'Sistemas', 'Ingeniero de Sistemas', 1, 1),
(2, 'jore', 'sadas', '|asdasd', 'asdasd', 'asdasd', 2, 1),
(11111, 'PEDRO ', 'CONTECHA CARRILLO', 'gerencia@ingenieriadevias.com.co', 'INGENIERIA DE VIAS S.A.S. ADMO', 'GERENTE GENERAL', 1, 27983910),
(313826, 'LUIS DANIEL', 'BERNAL NI?O', 'daniel.bernal@live.com', 'CONSORCIO VIAS DEL BICENTENARI', 'OPERADOR DE MOTONIVELADORA', 4, 7301726),
(1298590, 'LUBIAN ', 'SANCHEZ AMAYA', '', 'CONSORCIO VIAS Y EQUIPOS CUBAR', 'ADMINISTRADOR DE OBRA', 3, 13495606),
(3003467, 'JAIRO ', 'JIMENEZ MORA', '', 'INGENIERIA DE VIAS S.A.S. CTO.', 'CONDUCTOR DE VOLQUETA DOBLE TR', 4, 13992606),
(3100199, 'JOSE ', 'SOSA BEJARANO', 'otoro@ingenieriadevias.com.co', 'AGREGADOS TETUAN S.A.S. CONDUC', 'CONDUCTOR DE TRACTOMULA', 4, 5881817),
(3133678, 'LUIS EDUARDO', 'SALAZAR MARTINEZ', 'calidadplantaloscocos@gmail.com', 'INGENIERIA DE VIAS S.A.S. CTO.', 'OPERADOR DE VIBRO-COMPACTADOR', 4, 79601202),
(3570573, 'LUIS CARLOS', 'RODRIGUEZ SANCHEZ', 'calidadplantagabriellopez@gmail.com', 'INGENIERIA DE VIAS S.A.S. PLAN', 'OPERADOR DE TRITURADORA', 4, 5822626),
(4041011, 'MARCOS FELIPE', 'LOPEZ BOLIVAR', 'calidadplantalalibertad@gmail.com', 'AGREGADOS TETUAN S.A.S. PLANTA', 'OPERADOR DUMPER', 4, 7174847),
(4041523, 'WILSON ENRIQUE', 'SUAREZ ESPITIA', '', 'AGREGADOS TETUAN S.A.S. PLANTA', 'CONDUCTOR DE VOLQUETA DOBLETRO', 4, 7174847),
(4045102, 'JOSE FERNANDO', 'SILVA CASTELLANOS', '', 'AGREGADOS TETUAN S.A.S. PLANTA', 'OPERADOR BULD?ZER', 4, 7174847),
(4081264, 'JOSE IVAN', 'MALAVER SARMIENTO', '', 'CONSORCIO VIAS DEL BICENTENARI', 'OPERADOR DE VIBRO-COMPACTADOR', 4, 7301726),
(4081432, 'WILLY ENRIQUE', 'SAMACA VARGAS', '', 'INGENIERIA DE VIAS S.A.S. CTO.', 'OPERADOR DE VIBRO-COMPACTADOR', 4, 79601202),
(4081465, 'ROQUE JULIO', 'CUERVO SALAZAR', 'calidadcto769@gmail.com', 'INGENIERIA DE VIAS S.A.S. CTO.', 'OPERADOR MINICARGADOR', 4, 13992606),
(4081824, 'JAIRO ALFONSO', 'CUERVO SALAZAR', 'calidadplantalalibertad@gmail.com', 'INGENIERIA DE VIAS S.A.S. CTO.', 'OPERADOR DE RETROEXCAVADORA', 4, 79601202),
(4138050, 'MAURICIO ', 'DUITAMA HIGUERA', '', 'INGENIERIA DE VIAS S.A.S. CTO.', 'OPERADOR DE MOTONIVELADORA', 4, 13992606),
(4232785, 'MIGUEL WILFREDO', 'RUBIO SIERRA', '', 'CONSORCIO VIAS DEL BICENTENARI', 'INGENIERO AUXILIAR DE OBRA', 3, 7301726),
(4276546, 'ALIRIO ', 'CADENA VALERO', 'calidadcto115@gmail.com', 'INGENIERIA DE VIAS S.A.S. CTO.', 'CONDUCTOR DE VOLQUETA DOBLE TR', 4, 79601202),
(4292988, 'PABLO EMILIO', 'AYALA GARCIA', '', 'AGREGADOS TETUAN S.A.S. PLANTA', 'CONDUCTOR DE VOLQUETA DOBLETRO', 4, 7174847),
(4374895, 'LUIS EDUARDO', 'MONTOYA ROJAS', 'otoro@ingenieriadevias.com.co', 'AGREGADOS TETUAN S.A.S. CONDUC', 'CONDUCTOR DE TRACTOMULA', 4, 10695544),
(4375058, ' ', 'ZAPATA HERNANDO', 'otoro@ingenieriadevias.com.co', 'AGREGADOS TETUAN S.A.S. CONDUC', 'CONDUCTOR DE TRACTOMULA', 4, 4888122),
(4438881, 'MAURICIO ', 'VARON MEDINA', '', 'AGREGADOS TETUAN S.A.S. PLANTA', 'OPERADOR DE RETROEXCAVADORA', 4, 16709247),
(4470830, 'DELIO DE', 'CASTRO LOPEZ', 'calidadcto3296@gmail.com', 'CONSORCIO VIAS DEL META 2019 C', 'CONDUCTOR DE VOLQUETA DOBLE TR', 4, 6768479),
(4668303, 'HUGO AISLEMO', 'RODRIGUEZ RODRIGUEZ', '', 'INGENIERIA DE VIAS S.A.S. CTO.', 'OPERADOR DE VIBRO-COMPACTADOR', 4, 76314250),
(4690754, 'EMIRO ORLANDO', 'SAMBONI IMBACHI', '', 'INGENIERIA DE VIAS S.A.S. CTO ', 'CONDUCTOR DE VOLQUETA DOBLE TR', 4, 76314250),
(4738389, 'GONZALO ', 'OLIVEROS IBARRA', 'calidadplantaolaya@gmail.com', 'CONSORCIO VIAS DEL BICENTENARI', 'CONDUCTOR DE CARROTANQUE', 4, 7301726),
(4738391, 'AQUILEO ', 'RUANO GAVIRIA', 'calidadplantagabriellopez@gmail.com', 'INGENIERIA DE VIAS S.A.S. PLAN', 'OPERADOR CARGADOR', 4, 5822626),
(4751727, 'MEDARDO ', 'PEREZ DIAZ', 'medardoperezdiaz@hotmail.com', 'INGENIERIA DE VIAS S.A.S. CTO ', 'OPERADOR DE VIBRO-COMPACTADOR', 4, 76314250),
(4751863, 'FRANCISCO ', 'AVIRAMA MELLIZO', 'calidadcto1326@gmail.com', 'CONSORCIO VIAS Y EQUIPOS CANDE', 'OPERADOR DE VIBRO-COMPACTADOR', 4, 89006321),
(4751887, 'ANTONIO ', 'ROSADA JOSE', 'calidadcto1515@gmail.com', 'INGENIERIA DE VIAS S.A.S. CTO ', 'INSPECTOR OBRA / V?A', 4, 76308960),
(4751931, 'PEDRONEL ', 'ZULUAGA SALAZAR', 'calidadcto1326@gmail.com', 'CONSORCIO VIAS Y EQUIPOS CANDE', 'OPERADOR DE VIBRO-COMPACTADOR', 4, 89006321),
(4751980, 'JAIME ', 'MATABAJOY AGREDO', '', 'CONSORCIO VIAS Y EQUIPOS CANDE', 'INSPECTOR OBRA / V?A', 4, 89006321),
(4752686, 'HERNANDO ', 'HERNANDEZ JESUS', '', 'CONSORCIO VIAS Y EQUIPOS CANDE', 'OPERADOR DE VIBRO-COMPACTADOR', 4, 89006321),
(4752799, 'JOSE AMAURY', 'CHAVEZ PINO', '', 'INGENIERIA DE VIAS S.A.S. CTO.', 'CONDUCTOR DE VOLQUETA SENCILLA', 4, 76314250),
(4752804, 'DANI ', 'VIVEROS JAIME', 'otoro@ingenieriadevias.com.co', 'AGREGADOS TETUAN S.A.S. CONDUC', 'CONDUCTOR DE TRACTOMULA', 4, 1097638786),
(4752895, 'HERNAN ', 'ROSERO JAIRO', '', 'INGENIERIA DE VIAS S.A.S. PLAN', 'AYUDANTE DE MEC?NICA', 4, 5822626),
(4754553, 'TARCISIO ', 'ACOSTA ZEMANATE', 'calidadcto2351@gmail.com', 'INGENIERIA DE VIAS S.A.S. CTO ', 'OPERADOR PERFORADORA HIDRAULIC', 4, 76314250),
(4888122, 'JESUS ANTONIO', 'TOVAR CHILITO', 'jesustch@hotmail.com', 'AGREGADOS TETUAN S.A.S. PLANTA', 'JEFE DE PLANTA', 2, 5881817),
(5117439, 'VICTOR FRANCI', 'AGUILERA RODRIGUEZ', 'vifar1968@hotmail.com', 'AGREGADOS TETUAN S.A.S. PLANTA', 'OPERADOR DE RETROEXCAVADORA', 4, 7174847),
(5205277, 'JUAN CARLOS', 'PUSAPAZ SAAVEDRA', '', 'INGENIERIA DE VIAS S.A.S. CTO ', 'CONDUCTOR DE VOLQUETA DOBLE TR', 4, 76308960),
(5292353, 'GUILLERMO ARBEY', 'SANTANDER REVELO', 'calidadcto1515@gmail.com', 'INGENIERIA DE VIAS S.A.S. CTO ', 'OPERADOR DE MOTONIVELADORA', 4, 76308960),
(5632814, 'WILSON ', 'MEDINA OLAVE', '', 'CONSORCIO VIAS Y EQUIPOS 2015 ', 'OPERADOR DE RETROCARGADOR', 4, 13842350),
(5634640, 'SAMUEL ', 'RODRIGUEZ DUARTE', '', 'CONSORCIO VIAS Y EQUIPOS 2017 ', 'OPERADOR DE MOTONIVELADORA', 4, 15504291),
(5658695, 'LUIS FERNEY', 'ARIZA ARIZA', '', 'CONSORCIO VIAS DEL BICENTENARI', 'CONDUCTOR DE VOLQUETA DOBLE TR', 4, 7301726),
(5820097, 'FERNANDO ', 'DIAZ QUINTANA', 'calidadcto1515@gmail.com', 'INGENIERIA DE VIAS S.A.S. CTO ', 'OPERADOR DE RETROEXCAVADORA', 4, 76314250),
(5821272, 'DANIEL LEONARDO', 'RAMIREZ ROMERO', '', 'EQUIPOS Y TRITURADOS SAS ADMIN', 'AUXILIAR AMBIENTAL', 4, 52084119),
(5822626, 'ELKIN ', 'ROSERO LATORRE', 'plantagalindez@hotmail.com', 'AGREGADOS TETUAN S.A.S. PLANTA', 'JEFE DE PLANTA', 2, 5881817),
(5826847, 'JAIRO CESAR', 'MELO CARDOZO', '', 'CONSORCIO VIAS DEL META 2019 C', 'INGENIERO RESIDENTE DE OBRA', 3, 6768479),
(5828309, 'MILTHON JOVANNY', 'GALINDO MU?OZ', '', 'CONSORCIO VIAS DEL BICENTENARI', 'CONDUCTOR DE MIXER', 4, 7301726),
(5853800, 'JAIVER ', 'HERNANDEZ PIMENTEL', 'calidadcto1391@gmail.com', 'CONSORCIO VIAS Y EQUIPOS CUBAR', 'OPERADOR EXCAVADORA', 4, 13495606),
(5854639, 'EDISON ', 'PORTELA GUERRERO', '', 'EQUIPOS Y TRITURADOS SAS PLANT', 'JEFE DE PLANTA', 2, 5881817),
(5855063, 'EDWIN ', 'PORTELA GUERRERO', 'edwinpg311@hotmail.com', 'AGREGADOS TETUAN S.A.S. PLANTA', 'ALMACENISTA', 4, 79261636),
(5881817, 'ALBERTO ', 'CONTECHA CARRILLO', 'jcepeda@ingenieriadevias.com.co', 'INGENIERIA DE VIAS S.A.S. ADMO', 'GERENTE DE MANTENIMIENTO', 1, 2284145),
(5882867, 'CIPRIANO ', 'CONTECHA CARRILLO', 'ricardo.nivia@sinco.com.co', 'INGENIERIA DE VIAS S.A.S. ADMO', 'OPERADOR DE MAQUINARIA PESADA', 4, 2284145),
(5885309, 'JUAN CARLOS', 'CONTECHA CARRILLO', 'jcepeda@ingenieriadevias.com.co', 'INGENIERIA DE VIAS S.A.S. ADMO', 'JEFE DE COMPRAS', 2, 2284145),
(5886339, 'OSCAR ', 'AGUIRRE CARRILLO', 'oscaraguirrecarrillo@hotmail.com ', 'INGENIERIA DE VIAS S.A.S. ADMO', 'INSPECTOR OBRA / V?A', 4, 13842350),
(5887564, 'MILCIADES ', 'GUERRERO CARRILLO', '', 'CONSORCIO VIAS Y EQUIPOS CANDE', 'TOPOGRAFO INSPECTOR', 4, 89006321),
(5888739, 'YIMY ORLANDO', 'GUTIERREZ GUTIERREZ', '', 'INGENIERIA DE VIAS S.A.S. CTO ', 'CONDUCTOR DE VOLQUETA SENCILLA', 4, 76308960),
(5889124, 'EVER', 'VARGAS', 'calidadcto1515@gmail.com', 'CONSORCIO VIAS DEL META 2019 C', 'CONDUCTOR DE VOLQUETA DOBLE TR', 4, 6768479),
(5889130, 'YOHANI ', 'GUTIERREZ RODRIGUEZ', '', 'INGENIERIA DE VIAS S.A.S. CTO ', 'CONDUCTOR DE VEH?CULOS LIVIANO', 4, 76314250),
(5889263, 'JORGE IVAN', 'CAICEDO OSORIO', '', 'AGREGADOS TETUAN S.A.S. PLANTA', 'AYUDANTE DE MEC?NICA', 4, 5822626),
(5966465, 'MIGUEL ANGEL', 'RADA RODRIGUEZ', '', 'CONSORCIO INFRAESTRUCTURA VIAL', 'DIRECTOR DE OBRA', 2, 2284145),
(6008819, 'CARLOS ', 'GARZON CERQUERA', 'jsanchez@ingenieriadevias.com.co', 'INGENIERIA DE VIAS S.A.S. ADMO', 'MEC?NICO', 4, 5885309),
(6024407, 'ABRAHAN ', 'PINZON GUERRA', '', 'AGREGADOS TETUAN S.A.S. PLANTA', 'CONDUCTOR DE VEH?CULOS LIVIANO', 4, 4888122),
(6110486, 'SEGUNDINO ', 'MESA AGUIRRE', 'calidadplantaolaya@gmail.com', 'CONSORCIO VIAS DEL META 2019 P', 'OPERADOR DUMPER', 4, 14296531),
(6114194, 'ROBERTO ', 'MANRIQUE LEYTON', 'robertomanrique61@hotmail.com', 'AGREGADOS TETUAN S.A.S. PLANTA', 'OPERADOR DE RETROEXCAVADORA', 4, 7174847),
(6115047, 'JOSE CRISTOBAL', 'GONZALEZ PATI?O', 'josecrist67@hotmail.com', 'AGREGADOS TETUAN S.A.S. PLANTA', 'OPERADOR DE TRITURADORA', 4, 16709247),
(6200290, 'EDWING ALEXANDER', 'REALPE MORALES', '', 'AGREGADOS TETUAN S.A.S. PTA14 ', 'CONDUCTOR DE MIXER', 4, 12981407),
(6210026, 'MIGUEL ANGEL', 'BELALCAZAR ISAZA', 'calidadplantaolaya@gmail.com', 'INGENIERIA DE VIAS S.A.S. PLAN', 'OPERADOR CARGADOR', 4, 1110452148),
(6253665, 'JULIAN ANTONIO', 'LOZANO SALCEDO', '', 'AGREGADOS TETUAN S.A.S. PLANTA', 'CONDUCTOR DE CARROTANQUE', 4, 7174847),
(6597615, 'REINALDO ', 'LEAL GARZON', '', 'CONSORCIO VIAS Y EQUIPOS 2017 ', 'OPERADOR DE RETROEXCAVADORA', 4, 15504291),
(6768479, 'JULIO CESAR', 'GAONA GONZALEZ', '', 'CONSORCIO VIAS DEL META 2019 C', 'DIRECTOR DE OBRA', 2, 75064441),
(6771498, 'JOSE CORNELIO', 'VARGAS ESPINOSA', '', 'CONSORCIO VIAS DEL BICENTENARI', 'OPERADOR DE MOTONIVELADORA', 4, 7301726),
(7010799, 'LUIS ARMANDO', 'SUAREZ NI?O', '', 'CONSORCIO VIAS DEL BICENTENARI', 'CONDUCTOR DE VOLQUETA DOBLE TR', 4, 7301726),
(7061616, 'LUIS FERNANDO', 'SALAZAR YANES', 'morenoyanes@hotmail.com', 'CONSORCIO VIAS DEL META 2019 P', 'LABORATORISTA', 4, 14296531),
(7160771, 'JOSE BALTAZAR', 'MAYORDOMO TORRES', 'calidadplantalalibertad@gmail.com', 'AGREGADOS TETUAN S.A.S. CONDUC', 'CONDUCTOR DE TRACTOMULA', 4, 7174847),
(7167366, 'HERMES ', 'ARDILA DUCUARA', 'herm1473@yahoo.com', 'CONSORCIO VIAS Y EQUIPOS 2017 ', 'INGENIERO RESIDENTE DE OBRA', 3, 15504291),
(7168161, 'LUIS VIDAL', 'CAMINO RUIZ', '', 'CONSORCIO VIAS DEL BICENTENARI', 'OPERADOR DE RETROEXCAVADORA', 4, 7301726),
(7169843, 'JOSE ANIBAL', 'CASTRO GUANUME', '', 'CONSORCIO VIAS DEL BICENTENARI', 'INGENIERO RESIDENTE DE OBRA', 3, 7301726),
(7171771, 'JUAN CARLOS', 'TORRES SAMACA', '', 'INGENIERIA DE VIAS S.A.S. CTO ', 'CONDUCTOR DE VOLQUETA SENCILLA', 4, 7301726),
(7174208, 'MIGUEL ANGEL', 'PARRA CAMACHO', 'mianpac@yahoo.com', 'CONSORCIO VIAS DEL BICENTENARI', 'INGENIERO RESIDENTE DE OBRA', 3, 7301726),
(7174847, 'DIEGO FERNANDO', 'PEREZ PESCA', '', 'AGREGADOS TETUAN S.A.S. PLANTA', 'JEFE DE CANTERA', 2, 5881817),
(7232233, 'MILTON EDUARDO', 'SANTOS GAITAN', '', 'CONSORCIO VIAS Y EQUIPOS CANDE', 'OPERADOR DE RETROEXCAVADORA', 4, 89006321),
(7309792, 'JOSUE HERQUI', 'PE?A LEMUS', '', 'INGENIERIA DE VIAS S.A.S. CTO ', 'CONDUCTOR DE VOLQUETA SENCILLA', 4, 7301726),
(7312984, 'LUIS ALEXANDER', 'BRICE?O GUERRERO', 'luis.briceno411@hotmail.com   ', 'AGREGADOS TETUAN S.A.S. ADMINI', 'JEFE DE ALMACEN', 2, 5885309),
(7313140, 'HEDILMER ', 'AREVALO SOSA', '', 'CONSORCIO VIAS DEL BICENTENARI', 'CONDUCTOR DE VOLQUETA DOBLE TR', 4, 7301726),
(7316314, 'YERSON FERNAND', 'CASTELLANOS ORTIZ', '', 'AGREGADOS TETUAN S.A.S. PLANTA', 'CONDUCTOR DE VOLQUETA DOBLETRO', 4, 7174847),
(7318968, 'PABLO EMILIO', 'PEREZ ROBAYO', 'calidadplantalalibertad@gmail.com', 'AGREGADOS TETUAN S.A.S. PLANTA', 'CONDUCTOR DE VOLQUETA DOBLETRO', 4, 7174847),
(7350648, 'WILLIAM EFREN', 'BARRANTES BECERRA', '', 'CONSORCIO VIAS DEL BICENTENARI', 'CADENERO', 4, 7301726),
(7383479, 'JOSE MANUEL', 'SOTO TORDECILLA', '', 'CONSORCIO VIAS DEL META 2019 P', 'OPERADOR CARGADOR', 4, 14296531),
(7534966, 'EDILBERTO ', 'ARIAS BAQUERO', '', 'CONSORCIO VIAS Y EQUIPOS CANDE', 'INGENIERO RESIDENTE DE OBRA', 3, 89006321),
(7550851, 'WILLIAM ', 'LOZADA RAMOS', '', 'CONSORCIO INFRAESTRUCTURA VIAL', 'TOPOGRAFO INSPECTOR', 4, 5966465),
(7559952, 'JOSE NOE', 'PEREZ HERRERA', 'calidadcto1515@gmail.com', 'INGENIERIA DE VIAS S.A.S. CTO ', 'OPERADOR PERFORADORA HIDRAULIC', 4, 76314250),
(7563010, 'ARTURO ', 'AGUIRRE OSCAR', '', 'AGREGADOS TETUAN S.A.S. CONDUC', 'CONDUCTOR DE TRACTOMULA', 4, 79601202),
(7690570, 'HASMER ALBRANDO', 'JAVELA QUINTERO', 'felipe51@hotmail.com', 'INGENIERIA DE VIAS S.A.S.CTO 1', 'ADMINISTRADOR DE OBRA', 3, 76314250),
(7711466, 'JOSE JAIR', 'MARTINEZ VALDERRAMA', '', 'INGENIERIA DE VIAS S.A.S. CTO.', 'CONDUCTOR DE VEH?CULOS LIVIANO', 4, 13992606),
(7843607, 'JAIRO ', 'HERRERA AGUDELO', '', 'CONSORCIO VIAS Y EQUIPOS CUBAR', 'CONDUCTOR DE VEH?CULOS LIVIANO', 4, 13495606),
(7928091, 'ALFONSO RAFAEL', 'SERRANO MERCADO', 'calidadcto1391@gmail.com', 'INGENIERIA DE VIAS S.A.S. CTO.', 'OPERADOR DE VIBRO-COMPACTADOR', 4, 79601202),
(8046146, 'CARLOS ALFREDO', 'ESPINOSA PALACIO', 'caep-46@hotmail.com', 'INGENIERIA DE VIAS S.A.S. ADMO', 'MEC?NICO', 4, 5885309),
(8110664, 'RODRIGO ', 'DURANGO CUADROS', 'villacuadros@yahoo.com.co', 'AGREGADOS TETUAN S.A.S. PLANTA', 'LABORATORISTA', 4, 79261636),
(8167245, 'WILSON ', 'ROBLEDO NU?EZ', 'calidadplantalassenoritas@gmail.com', 'AGREGADOS TETUAN S.A.S. PLANTA', 'OPERADOR DE TRITURADORA', 4, 7174847),
(9270180, 'FELIPE ', 'GOMEZ AMADOR', '', 'AGREGADOS TETUAN S.A.S. ADMINI', 'OPERADOR MONTACARGA', 4, 5885309),
(9535708, 'ADMILFO ', 'GIL CASTILLANOS', 'monogil92@hotmail.com', 'INGENIERIA DE VIAS S.A.S. CTO.', 'OPERADOR DE MOTONIVELADORA', 4, 79601202),
(9540455, 'JOSE VICENTE', 'LOPEZ BUITRAGO', 'topografia1185@gmail.com', 'CONSORCIO VIAS DEL BICENTENARI', 'TOPOGRAFO INSPECTOR', 4, 7301726),
(9653424, 'LUIS ENRIQUE', 'GAMBOA AYALA', 'calidadplantaolaya@gmail.com', 'AGREGADOS TETUAN S.A.S. PLANTA', 'OPERADOR DUMPER', 4, 16709247),
(9735010, 'JAIRO JAVIER', 'BUITRAGO RIOS', '', 'INGENIERIA DE VIAS S.A.S. CTO.', 'INGENIERO RESIDENTE DE OBRA', 3, 2284145),
(9800494, 'JOSE URIEL', 'HERNANDEZ MENDEZ', '', 'AGREGADOS TETUAN S.A.S. ADMINI', 'MAESTRO DE CONSTRUCCION', 4, 5881817),
(9806647, 'JAIR ', 'MONTOYA ROJAS', 'otoro@ingenieriadevias.com.co', 'AGREGADOS TETUAN S.A.S. CONDUC', 'CONDUCTOR DE TRACTOMULA', 4, 1097638786),
(9955447, 'ALVARO OBDULIO', 'RENDON ECHEVERRI', 'calidadplantagabriellopez@gmail.com', 'INGENIERIA DE VIAS S.A.S. PLAN', 'OPERADOR CARGADOR', 4, 5822626),
(10159042, 'MANUEL SALVADO', 'NARVAEZ ALARCON', 'calidadcto1391@gmail.com', 'INGENIERIA DE VIAS S.A.S. PLAN', 'OPERADOR CARGADOR', 4, 79743048),
(10169330, 'OVIDIO ', 'GIRALDO GARCIA', '', 'AGREGADOS TETUAN S.A.S. PLANTA', 'CONDUCTOR DE VOLQUETA DOBLETRO', 4, 16709247),
(10172715, 'ALCIDES ', 'GARCIA ARENAS', 'alcidesgarcia2@gmail.com', 'AGREGADOS TETUAN S.A.S. PLANTA', 'OPERADOR DE CARGADOR', 4, 16709247),
(10173933, 'CELSO ', 'GIRALDO GARCIA', 'calidadplantaloscocos@gmail.com', 'AGREGADOS TETUAN S.A.S. PLANTA', 'CONDUCTOR DE VOLQUETA DOBLETRO', 4, 16709247),
(10177115, 'JOSE FIDEL', 'TRIANA CORTES', '', 'AGREGADOS TETUAN S.A.S. PLANTA', 'OPERADOR BULD?ZER', 4, 16709247),
(10178899, 'ERNESTO ', 'LUGO MARTINEZ', '', 'CONSORCIO VIAS DEL META 2019 C', 'CONDUCTOR DE VOLQUETA DOBLE TR', 4, 6768479),
(10179801, 'GILDARDO ', 'AVILA TORRES', '', 'INGENIERIA DE VIAS S.A.S. CTO.', 'CADENERO I', 4, 79601202),
(10180246, 'OMAR JOBANI', 'FLORES DIAS', '', 'AGREGADOS TETUAN S.A.S. CONDUC', 'CONDUCTOR DE TRACTOMULA', 4, 14296531),
(10182648, 'LUIS ALFONSO', 'CADAVID ESTRADA', 'calidadplantaloscocos@gmail.com', 'AGREGADOS TETUAN S.A.S. PLANTA', 'OPERADOR DE RETROEXCAVADORA', 4, 7174847),
(10184732, 'LUIS CARLOS', 'REYES ORTIZ', 'calidadcto115@gmail.com', 'CONSORCIO VIAS Y EQUIPOS CUBAR', 'OPERADOR MINICARGADOR', 4, 13495606),
(10186187, 'EDILSON ', 'HERNANDEZ GARCIA', 'calidadcto115@gmail.com', 'CONSORCIO VIAS DEL META 2019 C', 'OPERADOR DE VIBRO-COMPACTADOR', 4, 6768479),
(10188357, 'HERLEY ', 'MAHECHA ROBAYO', '', 'AGREGADOS TETUAN S.A.S. PLANTA', 'AUXILIAR DE LABORATORIO', 4, 4888122),
(10189773, 'CARLOS ALBERTO', 'VARON MEDINA', 'calidadplantaloscocos@gmail.com', 'CONSORCIO VIAS Y EQUIPOS CUBAR', 'OPERADOR EXCAVADORA', 4, 13495606),
(10197310, 'CARLOS ALBERTO', 'JARAMILLO GARZON', '', 'CONSORCIO VIAS Y EQUIPOS CUBAR', 'OPERADOR DUMPER', 4, 13495606),
(10198163, 'ULDARICO ', 'AYALA JOSE', 'calidadctocimitarra@gmail.com', 'AGREGADOS TETUAN S.A.S. PLANTA', 'OPERADOR DE RETROEXCAVADORA', 4, 5822626),
(10295742, 'ANYELO YAMITH', 'SANCHEZ ALVAREZ', '', 'INGENIERIA DE VIAS S.A.S. CTO.', 'INSPECTOR OBRA / V?A', 4, 76314250),
(10296385, 'BENICIO ', 'SARRIA JOSE', '', 'INGENIERIA DE VIAS S.A.S. CTO ', 'CONDUCTOR DE VOLQUETA DOBLE TR', 4, 76314250),
(10300653, 'OSCAR MAURICIO', 'QUI?ONES HOYOS', '', 'INGENIERIA DE VIAS S.A.S. CTO ', 'OPERADOR DE MOTONIVELADORA', 4, 76314250),
(10302752, 'FRANKLIN ', 'GONZALEZ ILLERA', 'otoro@ingenieriadevias.com.co', 'AGREGADOS TETUAN S.A.S. CONDUC', 'CONDUCTOR DE TRACTOMULA', 4, 1097638786),
(10302954, 'DANY ALBERTO', 'MARTINEZ CORDOBA', 'otoro@ingenieriadevias.com.co', 'AGREGADOS TETUAN S.A.S. CONDUC', 'CONDUCTOR DE TRACTOMULA', 4, 10695544),
(10304056, 'NELSON JAVIER', 'BOLIVAR ZAPATA', '', 'CONSORCIO VIAS Y EQUIPOS CANDE', 'OPERADOR DE RETROCARGADOR', 4, 89006321),
(10304534, 'DIEGO EDINSON', 'VELASCO ANACONA', '', 'INGENIERIA DE VIAS S.A.S. CTO ', 'CONDUCTOR DE VOLQUETA DOBLE TR', 4, 76308960),
(10305706, 'EUSEBIO CELIO', 'PRADO MAMIAN', '', 'INGENIERIA DE VIAS S.A.S. CTO ', 'CONDUCTOR DE VOLQUETA DOBLE TR', 4, 76314250),
(10316939, 'JORGE YIMI', 'GUACA MU?OZ', '', 'INGENIERIA DE VIAS S.A.S. CTO ', 'CONDUCTOR DE VOLQUETA DOBLE TR', 4, 76314250),
(10320683, 'JAVIER ', 'GUERRERO HECTOR', '', 'INGENIERIA DE VIAS S.A.S. CTO ', 'CONDUCTOR DE CARROTANQUE', 4, 76308960),
(10533399, 'JOSE ANIBAL', 'MU?OZ COLLAZOS', 'calidadcto117b@gmail.com', 'AGREGADOS TETUAN S.A.S. PLANTA', 'OPERADOR BULD?ZER', 4, 4888122),
(10539745, 'VICTOR OVIDIO', 'VALVERDE CAMAYO', 'otoro@ingenieriadevias.com.co', 'AGREGADOS TETUAN S.A.S. CONDUC', 'CONDUCTOR DE TRACTOMULA', 4, 10695544),
(10543850, 'JORGE LUIS', 'ZU?IGA DAZA', 'jorgel92@yahoo.com', 'INGENIERIA DE VIAS S.A.S. CTO.', 'INGENIERO RESIDENTE DE OBRA', 3, 76314250),
(10544744, 'SEGUNDO MARDOQU', 'MARTINEZ DELGADO', 'otoro@ingenieriadevias.com.co', 'AGREGADOS TETUAN S.A.S. CONDUC', 'CONDUCTOR DE TRACTOMULA', 4, 10695544),
(10549489, 'ASDRUBAL ', 'SOLARTE LOPEZ', 'otoro@ingenieriadevias.com.co', 'AGREGADOS TETUAN S.A.S. CONDUC', 'CONDUCTOR DE TRACTOMULA', 4, 10695544),
(10568046, 'YIDUAR ANDRES', 'ORDO?EZ CHAVEZ', '', 'AGREGADOS TETUAN S.A.S. CONDUC', 'CONDUCTOR DE TRACTOMULA', 4, 10695544),
(10591942, 'JAIRO', 'RODRIGUEZ', '', 'AGREGADOS TETUAN S.A.S. PLANTA', 'CONDUCTOR DE CARROTANQUE', 4, 5822626),
(10593970, 'VICTOR ALBERTO', 'ARGOTE IBARRA', 'calidadplantaloscocos@gmail.com', 'INGENIERIA DE VIAS S.A.S. CTO ', 'OPERADOR DUMPER', 4, 76314250),
(10693582, 'CARLOS OMAR', 'LEMOS NARVAEZ', 'calidadcto1515@gmail.com', 'INGENIERIA DE VIAS S.A.S. CTO ', 'CONDUCTOR DE VOLQUETA DOBLE TR', 4, 76314250),
(10693888, 'EDGARD ', 'CAICEDO SOLANO', '', 'INGENIERIA DE VIAS S.A.S. CTO ', 'CONDUCTOR DE VOLQUETA DOBLE TR', 4, 76308960),
(10694120, 'DURIEL ARNOL', 'GOMEZ CAICEDO', '', 'INGENIERIA DE VIAS S.A.S. CTO ', 'CONDUCTOR DE VOLQUETA DOBLE TR', 4, 76308960),
(10695544, 'ALEX JAVIER', 'RAMIREZ PEREZ', 'aljarape@hotmail.es', 'AGREGADOS TETUAN S.A.S. PLANTA', 'COORDINADOR DE TRANSPORTE', 3, 79261636),
(10698055, 'ALEXANDER ', 'MARTINEZ BOLA?OS', '', 'INGENIERIA DE VIAS S.A.S. CTO ', 'CONDUCTOR DE VOLQUETA DOBLE TR', 4, 76308960),
(10698381, 'LAUREANO ALBERTO', 'ANGULO BRAVO', '', 'AGREGADOS TETUAN S.A.S. CONDUC', 'CONDUCTOR DE TRACTOMULA', 4, 10695544),
(10723267, 'OMAR HENRRY', 'QUITUMBO FERNANDEZ', '', 'AGREGADOS TETUAN S.A.S. PLANTA', 'CONDUCTOR DE VOLQUETA DOBLETRO', 4, 79261636),
(10723829, 'EUCARDO ', 'ORDO?EZ VARGAS', '', 'INGENIERIA DE VIAS S.A.S. CTO ', 'CONDUCTOR DE VOLQUETA SENCILLA', 4, 76308960),
(11804494, 'MANUEL ENRIQUE', 'AGUILAR ORTIZ', '', 'INGENIERIA DE VIAS S.A.S. CTO ', 'OPERADOR DE RETROEXCAVADORA', 4, 76314250),
(11936192, 'HECTOR ', 'MARTINEZ ASPRILLA', 'calidadcto1391@gmail.com', 'CONSORCIO VIAS DEL META 2019 P', 'OPERADOR EXCAVADORA', 4, 14296531),
(11938379, 'WALTER ', 'GUERRERO MARTINEZ', '', 'CONSORCIO INFRAESTRUCTURA VIAL', 'OPERADOR EXCAVADORA', 4, 5966465),
(12129271, 'ARCADIO ', 'POLANCO PRADA', 'arpopa.65@hotmail.com', 'INGENIERIA DE VIAS S.A.S. ADMO', 'MEC?NICO', 4, 5885309),
(12134139, 'JAIRO ALIRIO', 'PE?A SALAZAR', 'jairop@ingenieriadevias.com.co', 'EQUIPOS Y TRITURADOS SAS ADMIN', 'INGENIERO DE TOPOGRAFIA', 3, 2284145),
(12138031, 'CARLOS ELIECER', 'POLANCO PRADA', 'calidadplantalalibertad@gmail.com', 'CONSORCIO VIAS DEL BICENTENARI', 'MEC?NICO', 4, 7301726),
(12138856, 'GREGORIO ', 'SUAZA DONATO', 'calidadplantaolaya@gmail.com', 'INGENIERIA DE VIAS S.A.S. PLAN', 'ELECTRICISTA', 4, 1110452148),
(12239298, 'JHON JAIRO', 'INCHIMA ROJAS', '', 'AGREGADOS TETUAN S.A.S. PLANTA', 'CONDUCTOR DE VEH?CULOS LIVIANO', 4, 79261636),
(12253549, 'YESID ', 'GARAY ANDRADE', '', 'AGREGADOS TETUAN S.A.S. PLANTA', 'MEC?NICO', 4, 28951310),
(12262342, 'ALEXANDER ', 'DELGADO BRAVO', 'calidadcto936@gmail.com', 'INGENIERIA DE VIAS S.A.S. CTO.', 'OPERADOR DE RETROEXCAVADORA', 4, 13992606),
(12276421, 'YESITH ', 'VILLANOVA DIAZ', '', 'CONSORCIO VIAS Y EQUIPOS CANDE', 'OPERADOR DE VIBRO-COMPACTADOR', 4, 89006321),
(12276987, 'FREDY ORLANDO', 'GARZON PRIETO', 'otoro@ingenieriadevias.com.co', 'AGREGADOS TETUAN S.A.S. CONDUC', 'CONDUCTOR DE TRACTOMULA', 4, 5881817),
(12845223, 'MAURO ', 'FERNANDEZ BOLA?OS', 'calidadcto1515@gmail.com', 'INGENIERIA DE VIAS S.A.S. PLAN', 'OPERADOR COMPRESOR', 4, 5822626),
(12917645, 'HARLEN MIGUEL', 'DAVID TORRES', '', 'CONSORCIO SOMONDOCO EL SALITRE', 'TOPOGRAFO', 4, 13992606),
(12978274, 'EDGARDO ', 'BURBANO OSCAR', 'calidadcto1391@gmail.com', 'CONSORCIO VIAS DEL META 2019 C', 'OPERADOR DE MOTONIVELADORA', 4, 6768479),
(12978348, 'JOSE RODRIGO', 'LOPEZ LOPEZ', '', 'CONSORCIO VIAS DEL META 2019 C', 'TOPOGRAFO INSPECTOR', 4, 6768479),
(12981407, 'JAIME IGNACIO', 'GOMEZ GUERRA', '', 'INGENIERIA DE VIAS S.A.S. CTO.', 'DIRECTOR DE OBRA', 2, 76314250),
(12984965, 'SANIN ', 'PIZO JOSE', 'calidadplantagalindez@gmail.com', 'INGENIERIA DE VIAS S.A.S. CTO ', 'OPERADOR DUMPER', 4, 76314250),
(12987908, 'JOSE IGNACIO', 'MORA OBANDO', 'calidadcto1515@gmail.com', 'INGENIERIA DE VIAS S.A.S. CTO.', 'CONDUCTOR DE VOLQUETA DOBLE TR', 4, 12981407),
(12997110, 'MARIO ARMANDO', 'LOPEZ DIAZ', 'otoro@ingenieriadevias.com.co', 'AGREGADOS TETUAN S.A.S. CONDUC', 'CONDUCTOR DE TRACTOMULA', 4, 10695544),
(13069575, 'MARIO ANDRES', 'SUAREZ BUESAQUILLO', '', 'CONSORCIO VIAS Y EQUIPOS CANDE', 'BI?LOGO', 4, 89006321),
(13071801, 'CARLOS HERNANDO', 'MALLAMA PANTOJA', 'cmallamapantoja@gmail.com ', 'AGREGADOS TETUAN S.A.S. PLANTA', 'LABORATORISTA', 4, 5822626),
(13454390, 'RAUL ', 'LEON SOLORZANO', '', 'CONSORCIO VIAS DEL META 2019 C', 'OPERADOR BULD?ZER', 4, 6768479),
(13495606, 'DIEGO HUMBERTO', 'VIAFARA BALCAZAR', '', 'CONSORCIO VIAS Y EQUIPOS CUBAR', 'DIRECTOR DE OBRA', 2, 2284145),
(13536706, 'JAIRO ', 'LOPEZ GARRIDO', '', 'CONSORCIO VIAS Y EQUIPOS 2017 ', 'CONDUCTOR DE VOLQUETA DOBLE TR', 4, 15504291),
(13566649, 'JESUS ANTONIO', 'HERNANDEZ LOPEZ', 'jesus198321@hotmail.com', 'INGENIERIA DE VIAS S.A.S. PLAN', 'OPERADOR PLANTA DE ASFALTO', 4, 79743048),
(13615126, 'JORGE OCTAVIO', 'TELLEZ REYES', '', 'CONSORCIO VIAS DEL BICENTENARI', 'INSPECTOR OBRA / V?A', 4, 7301726),
(13615999, 'MISAEL ', 'CUEVAS ARIZA', '', 'CONSORCIO VIAS DEL BICENTENARI', 'CONDUCTOR DE VOLQUETA DOBLE TR', 4, 7301726),
(13617401, 'LUIS OMAR', 'GONZALEZ AGUILERA', '', 'CONSORCIO VIAS DEL BICENTENARI', 'CONDUCTOR DE VOLQUETA DOBLE TR', 4, 7301726),
(13743206, 'JOSE JULIAN', 'QUIROGA GALEANO', '', 'CONSORCIO VIAS DEL META 2019 C', 'RESIDENTE AMBIENTAL', 3, 6768479),
(13842350, 'GILBERTO ', 'RODRIGUEZ GOMEZ', 'gilbertorod@yahoo.com', 'INGENIERIA DE VIAS S.A.S.CTO. ', 'GERENTE DE PROYECTOS', 1, 2284145),
(13853384, 'JOHN FREDY', 'LOPEZ MU?OZ', 'jofrey2@hotmail.com', 'CONSORCIO VIAS Y EQUIPOS 2017 ', 'RESIDENTE SST', 3, 15504291),
(13952058, 'LUIS HERNANDO', 'DIAZ BARE?O', 'calidadctocimitarra@gmail.com', 'CONSORCIO VIAS DEL BICENTENARI', 'OPERADOR DE RETROEXCAVADORA', 4, 7301726),
(13953628, 'JUAN BAUTISTA', 'MARTINEZ LOZANO', '', 'INGENIERIA DE VIAS S.A.S. ADMO', 'CONDUCTOR (GERENCIA GENERAL/ A', 4, 63324641),
(13955630, 'ARNULFO ', 'DIAZ ROMER', '', 'INGENIERIA DE VIAS S.A.S. CTO ', 'CONDUCTOR DE VOLQUETA DOBLE TR', 4, 13842350),
(13956780, 'EDGAR ', 'GUIZA GALEANO', '', 'CONSORCIO VIAS Y EQUIPOS 2015 ', 'CONDUCTOR DE CARROTANQUE', 4, 13842350),
(13959268, 'MARCO AURELIO', 'CORREA ROGALLEGA', 'mark-234@hotmail.com', 'AGREGADOS TETUAN S.A.S. PLANTA', 'OPERADOR PLANTA DE CONCRETO', 4, 79261636),
(13992606, 'CARLOS GEOVA', 'CASTELLANOS BARRERO', 'cgeocas@hotmail.com', 'INGENIERIA DE VIAS S.A.S. CTO.', 'DIRECTOR DE OBRA', 2, 79601202),
(14010320, 'HERNAN ', 'PEREZ WILMER', 'wilmer22589@hotmail.com', 'CONSORCIO VIAS Y EQUIPOS CUBAR', 'CONDUCTOR DE MIXER', 4, 13495606),
(14011630, 'NILTON FERNANDO', 'DIAZ VILLARREAL', 'calidadplantaolaya@gmail.com', 'AGREGADOS TETUAN S.A.S. PLANTA', 'CONDUCTOR DE VOLQUETA DOBLETRO', 4, 1110452148),
(14011770, 'DIEGO FERNANDO', 'TIQUE VILLARREAL', '', 'CONSORCIO VIAS Y EQUIPOS CANDE', 'CONDUCTOR DE VEH?CULOS LIVIANO', 4, 89006321),
(14011894, 'GILBERTO ', 'SANDOVAL GRANADOS', '', 'INGENIERIA DE VIAS S.A.S. ADMO', 'CONDUCTOR DE VEH?CULOS LIVIANO', 4, 5885309),
(14012340, 'FERNANDO ', 'SUAREZ DIEGO', '', 'INGENIERIA DE VIAS S.A.S. CTO.', 'LIGUERO', 4, 79601202),
(14012431, 'YEISON EDUARDO', 'CERQUERA HORTA', '', 'CONSORCIO INFRAESTRUCTURA VIAL', 'LABORATORISTA', 4, 5966465),
(14012906, 'ANDERSON EDINER', 'CALE?O MENDEZ', '', 'INGENIERIA DE VIAS S.A.S. PLAN', 'AUXILIAR AMBIENTAL', 4, 5966465),
(14013852, 'JESUS EMILIO', 'TRIANA SANABRIA', 'calidadplantalassenoritas@gmail.com', 'CONSORCIO VIAS Y EQUIPOS CUBAR', 'CONDUCTOR DE MIXER', 4, 13495606),
(14013922, 'JOHN OLIVER', 'LOZANO GAITAN', '', 'CONSORCIO INFRAESTRUCTURA VIAL', 'CADENERO', 4, 5966465),
(14193759, 'IVAN JAILER', 'GOMEZ PERDOMO', 'calidadplantaloscocos@gmail.com', 'CONSORCIO VIAS DEL META 2019 C', 'CONDUCTOR DE VOLQUETA DOBLE TR', 4, 6768479),
(14233667, 'JOSE HERNAN', 'CARRILLO RAMOS', 'calidadplantaloscocos@gmail.com', 'CONSORCIO VIAS Y EQUIPOS CANDE', 'CONDUCTOR DE CARROTANQUE', 4, 89006321),
(14270552, 'CARLOS FERNANDO', 'MENDEZ LEZAMA', '', 'CONSORCIO SOMONDOCO EL SALITRE', 'INGENIERO ASESOR', 1, 13992606),
(14273292, 'JORGE ELIECER', 'VALENCIA RUBIO', '', 'INGENIERIA DE VIAS S.A.S. PLAN', 'CONDUCTOR DE VEH?CULOS LIVIANO', 4, 4888122),
(14296531, 'VICTOR ALFONSO', 'ECHEVERRY CULMA', '', 'CONSORCIO VIAS DEL META 2019 P', 'JEFE DE PLANTA', 2, 5881817),
(14319338, 'NIXON ', 'SANCHEZ ROJAS', '', 'INGENIERIA DE VIAS S.A.S. CTO ', 'OPERADOR BULD?ZER', 4, 76314250),
(14319795, 'JOSE ALFREDO', 'ARAGON CALVO', 'calidadcto936@gmail.com', 'CONSORCIO VIAS DEL META 2019 C', 'OPERADOR DE VIBRO-COMPACTADOR', 4, 6768479),
(14323167, 'LIBARDO ', 'QUIMBAYO TRIVI?O', 'calidadplantaloscocos@gmail.com', 'CONSORCIO VIAS Y EQUIPOS CUBAR', 'OPERADOR PLANTA DE CONCRETO', 4, 13495606),
(14585314, 'EUSEBIO ', 'RIVAS LOZANO', '', 'INGENIERIA DE VIAS S.A.S. CTO ', 'OPERADOR DE MOTONIVELADORA', 4, 76308960),
(15051981, 'EVER ANTONIO', 'OTERO PATERNINA', 'calidadplantagalindez@gmail.com', 'INGENIERIA DE VIAS S.A.S. CTO ', 'CADENERO I', 4, 76308960),
(15172058, 'EDWARD ', 'LAITON ZARATE', 'otoro@ingenieriadevias.com.co', 'AGREGADOS TETUAN S.A.S. ADMINI', 'CONDUCTOR DE TRACTOMULA', 4, 5885309),
(15309429, 'JULIO CESAR', 'GARAVITO SOTO', 'calidadcto1391@gmail.com', 'AGREGADOS TETUAN S.A.S. PLANTA', 'OPERADOR DE RETROEXCAVADORA', 4, 16709247),
(15338770, 'OLMER ', 'TEJADA SEPULVEDA', '', 'AGREGADOS TETUAN S.A.S. PLANTA', 'OPERADOR DUMPER', 4, 16709247),
(15504291, 'WERNER CALIXTO', 'CUARTAS JIMENEZ', '', 'CONSORCIO VIAS Y EQUIPOS 2017 ', 'INGENIERO DIRECTOR DE OBRA', 2, 13842350),
(15536750, 'GILDARDO DE', 'ARANGO LOPEZ', '', 'INGENIERIA DE VIAS S.A.S. CTO ', 'OPERADOR DUMPER', 4, 76314250),
(15813184, 'JESUS ALEJANDRO', 'URBANO GOMEZ', '', 'AGREGADOS TETUAN S.A.S. PLANTA', 'AUXILIAR DE LABORATORIO', 4, 79261636),
(15865042, 'SEGUNDO EFRAIN', 'BENAVIDES ERAZO', '', 'INGENIERIA DE VIAS S.A.S. CTO ', 'OPERADOR DE VIBRO-COMPACTADOR', 4, 76308960),
(16218343, 'FERNANDO ', 'ORTIZ ZAPATA', '', 'AGREGADOS TETUAN S.A.S. PLANTA', 'OPERADOR DUMPER', 4, 16709247),
(16283773, 'MIGUEL ANGEL', 'MOTOA GARCIA', '', 'INGENIERIA DE VIAS S.A.S. CTO.', 'OPERADOR DE MOTONIVELADORA', 4, 76314250),
(16580253, 'OSCAR CELIO', 'BAYONA RODRIGUEZ', 'obayona@ingenieriadevias.com.co', 'INGENIERIA DE VIAS S.A.S. ADMO', 'ASISTENTE ADMINISTRATIVO II', 4, 2284145),
(16690299, 'EDUARDO ANTONIO', 'DIAZ VALENCIA', 'calidadplantaloscocos@gmail.com', 'AGREGADOS TETUAN S.A.S. PLANTA', 'CONDUCTOR DE CARROTANQUE', 4, 89006321),
(16709247, 'RUBEN DARIO', 'MANCERA CARRILLO', 'ruben.dario.mancera@gmail.com', 'AGREGADOS TETUAN S.A.S. PLANTA', 'JEFE DE PLANTA', 2, 5881817),
(16737010, 'JAIRO ', 'ASTUDILLO CARDONA', 'calidadcto1326@gmail.com', 'CONSORCIO VIAS Y EQUIPOS CANDE', 'CADENERO II', 4, 89006321),
(16918440, 'JOHANN CRUY', 'CRUZ SUSCUE', 'johancruy@gmail.com', 'CONSORCIO VIAS DEL BICENTENARI', 'OPERADOR DE RETROEXCAVADORA', 4, 7301726),
(16925302, 'JONH JAIRO', 'VILLANI TOSE', '', 'CONSORCIO VIAS Y EQUIPOS CANDE', 'AUXILIAR DE COSTOS', 4, 89006321),
(16985538, 'GUIDO ', 'ORDO?EZ NARVAEZ', 'calidadcto792@gmail.com', 'INGENIERIA DE VIAS S.A.S. CTO ', 'CONDUCTOR DE VOLQUETA DOBLE TR', 4, 76308960),
(16989491, 'EFREN ', 'DURAN RIVAS', 'calidadplantagabriellopez@gmail.com', 'INGENIERIA DE VIAS S.A.S. CTO ', 'OPERADOR DE RETROEXCAVADORA', 4, 76314250),
(17310231, 'MARCO TULIO', 'CORREA RODRIGUEZ', 'calidadplantagabriellopez@gmail.com', 'AGREGADOS TETUAN S.A.S. PLANTA', 'OPERADOR PLANTA DE ASFALTO', 4, 5822626),
(17344019, 'RAUL ', 'RAMIREZ DUARTE', '', 'CONSORCIO VIAS DEL META 2019 C', 'AUXILIAR ADMINISTRATIVO EN OBR', 4, 6768479),
(17348612, 'HEVERT ', 'ROJAS ROMERO', 'heverthrojas@hotmail.com', 'EQUIPOS Y TRITURADOS SAS CTO. ', 'OPERADOR DE FRESADORA', 4, 79601202),
(18371603, 'JHON ANDRES', 'BRAVO LOPEZ', '', 'AGREGADOS TETUAN S.A.S. CONDUC', 'CONDUCTOR DE TRACTOMULA', 4, 5881817),
(18371712, 'ABEL ', 'RIVERA MARTINEZ', 'otoro@ingenieriadevias.com.co', 'AGREGADOS TETUAN S.A.S. CONDUC', 'OPERADOR PERFORADORA HIDRAULIC', 4, 5885309),
(18420438, 'DAVID ', 'MARTINEZ JUAN', 'calidadplantaolaya@gmail.com', 'INGENIERIA DE VIAS S.A.S. PLAN', 'OPERADOR DE TRITURADORA', 4, 1110452148),
(18491992, 'EDUARD ALBERTO', 'SALGADO ARBOLEDA', 'calidadcto1391@gmail.com', 'INGENIERIA DE VIAS S.A.S. CTO ', 'INSPECTOR OBRA / V?A', 4, 76314250),
(18498157, 'JOSE ALEXANDER', 'VEGA HERNANDEZ', '', 'INGENIERIA DE VIAS S.A.S. CTO.', 'LIGUERO', 4, 79601202),
(19071210, 'ALEJANDRO ', 'GARZON CERQUERA', 'calidadctocimitarra@gmail.com', 'AGREGADOS TETUAN S.A.S. PLANTA', 'JEFE DE PATIOS', 2, 28951310),
(19265798, 'JESUS ANTONIO', 'CONTECHA CARRILLO', 'jcepeda@ingenieriadevias.com.co', 'INGENIERIA DE VIAS S.A.S. ADMO', 'GERENTE ADMINISTRATIVO Y FINAN', 1, 2284145),
(19272831, 'PEDRO JOSE', 'MORA GRANDAS', 'pemora1@yahoo.es', 'INGENIERIA DE VIAS S.A.S. ADMO', 'GERENTE T?CNICO', 1, 2284145),
(19563059, 'CARLOS ALBER', 'VILLAFA?A CERVANTES', '', 'CONSORCIO VIAS DEL BICENTENARI', 'INSPECTOR OBRA / V?A', 4, 7301726),
(19611610, 'HERNANDO JOSE', 'ALBA AGAMEZ', 'calidadcto3296@gmail.com', 'CONSORCIO VIAS Y EQUIPOS 2017 ', 'SOLDADOR', 4, 15504291),
(19618499, 'JAINNER ALFONSO', 'CABALLERO VARGAS', 'calidadcto1536@gmail.com', 'AGREGADOS TETUAN S.A.S. PLANTA', 'OPERADOR DE RETROEXCAVADORA', 4, 7174847),
(20645743, 'SANDRA MERCED', 'RODRIGUEZ GONZALEZ', 'srodriguez@ingenieriadevias.com.co', 'AGREGADOS TETUAN S.A.S. ADMINI', 'AUXILIAR DE GESTION HUMANA', 4, 52084119),
(24332686, 'ALEXANDRA ', 'GIRALDO RUIZ', '', 'CONSORCIO VIAS DEL BICENTENARI', 'RESIDENTE SOCIAL', 3, 7301726),
(24585281, 'MARIA ELIZABETH', 'CASTRO BELTRAN', 'elizabethcastro82@yahoo.es', 'CONSORCIO VIAS DEL META 2019 C', 'ADMINISTRADOR DE OBRA', 3, 6768479),
(25285032, 'CAROLINA ANDREA', 'MARTINEZ SALAZAR', '', 'INGENIERIA DE VIAS S.A.S.CTO 1', 'INGENIERO AUXILIAR DE OBRA', 4, 76314250),
(25560127, 'GUELDY YANETH', 'GARCIA CUETOQUE', '', 'INGENIERIA DE VIAS S.A.S. CTO ', 'RESIDENTE SST', 3, 76308960),
(27983910, 'SANDRA MILENA', 'GARCIA CAMELO', 'sgarcia@ingenieriadevias.com.co', 'INGENIERIA DE VIAS S.A.S. ADMO', 'DIRECTOR DE CALIDAD, SALUD OCU', 2, 19265798),
(28549901, 'ELIZABETH ', 'ALDANA NARVAEZ', '', 'CONSORCIO VIAS Y EQUIPOS CANDE', 'ADMINISTRADOR DE OBRA', 3, 89006321),
(28554915, 'JOHANA ', 'VANEGAS ANGELA', '', 'CONSORCIO INFRAESTRUCTURA VIAL', 'RESIDENTE AMBIENTAL', 3, 5966465),
(28682472, 'MARIA ALCIRA', 'BELTRAN FERNANDEZ', 'rocio.beltran.fernandez@gmail.com', 'INGENIERIA DE VIAS S.A.S. PLAN', 'ADMINISTRADOR DE OBRA', 3, 1110452148),
(28685186, 'ADRIANA ', 'CONTECHA CARRILLO', '', 'INGENIERIA DE VIAS S.A.S. ADMO', 'ASISTENTE ADMINISTRATIVO I', 4, 5885309),
(28866709, 'DECCIN ', 'DUCUARA DORIAN', 'ducuara@yahoo.com', 'CONSORCIO VIAS DEL META 2019 C', 'RESIDENTE SOCIAL', 3, 6768479),
(28951310, 'YENNI YOBHANA', 'VARGAS CRISTANCHO', 'calidadplantaolaya@gmail.com', 'AGREGADOS TETUAN S.A.S. PLANTA', 'JEFE DE PLANTA', 2, 5881817),
(30205602, 'LUZ HERMINDA', 'GONZALEZ FONTECHA', '', 'INGENIERIA DE VIAS S.A.S.CTO. ', 'TOPOGRAFO INSPECTOR', 4, 13842350),
(33377650, 'NATHALIA FERNAND', 'BUITRAGO MEDINA', 'nbuitrago@ingenieriadevias.com.co', 'INGENIERIA DE VIAS S.A.S. ADMO', 'ESPECIALISTA EN HIDRAULICA', 3, 80173670),
(34541724, 'ZONIA RUTH', 'ILES VELASCO', '', 'INGENIERIA DE VIAS S.A.S.CTO 1', 'SECRETARIA RECEPCIONISTA', 4, 76314250),
(34561469, 'YENNY ALEXANDRA', 'TORRES GUZMAN', 'ambientalcccpopayan21@gmail.com', 'INGENIERIA DE VIAS S.A.S.CTO 1', 'ESPECIALISTAS', 3, 76314250),
(37748719, 'LYDA MARGARITA', 'JEREZ ZAFRA', 'lydamarg@hotmail.com', 'CONSORCIO VIAS Y EQUIPOS 2015 ', 'INGENIERO RESIDENTE DE OBRA', 3, 13842350),
(37840407, 'ZULMA YECENIA', 'PATI?O PARDO', 'zulmapatino@hotmail.com', 'CONSORCIO VIAS Y EQUIPOS 2017 ', 'RESIDENTE SOCIAL', 3, 15504291),
(38141779, 'MARIA ALEJANDRA', 'ROJAS ACOSTA', 'maraleja8@yahoo.es', 'CONSORCIO VIAS Y EQUIPOS 2017 ', 'ADMINISTRADOR DE OBRA', 3, 15504291),
(38211167, 'JOYCE ESMINDA', 'ARBOLEDA GARCIA', '', 'CONSORCIO VIAS Y EQUIPOS CANDE', 'RESIDENTE AMBIENTAL', 3, 89006321),
(38364985, 'FRANCY LISSETH', 'OLIVERA GONZALEZ', '', 'INGENIERIA DE VIAS S.A.S. CTO.', 'RESIDENTE SOCIAL', 3, 12981407),
(40040387, 'ANA EDITH', 'RODRIGUEZ BUSTOS', '', 'CONSORCIO VIAS DEL BICENTENARI', 'RESIDENTE SST', 3, 7301726),
(41689648, 'NANCY ', 'ROJAS RICO', 'jefecontabilidad@ingenieriadevias.com.co', 'CONSORCIO VIAS DEL BICENTENARI', 'CONTADOR', 2, 19265798),
(52084119, 'ZORAYA INES', 'CONTECHA CARRILLO', 'sorayacontecha@ingenieriadevias.com.co', 'INGENIERIA DE VIAS S.A.S. ADMO', 'DIRECTOR DE GESTI?N HUMANA', 2, 19265798),
(52198783, 'SANDRA YOHANNA', 'RIOS MATTA', 'srios@ingenieriadevias.com.co', 'EQUIPOS Y TRITURADOS SAS ADMIN', 'AUXILIAR DE ARCHIVO I', 4, 19265798),
(52269479, 'JOHANNA LUCIA', 'NEIRA CUELLAR', 'bastet_joha@hotmail.com', 'INGENIERIA DE VIAS S.A.S. ADMO', 'DIRECTOR DE IMPUESTOS', 2, 19265798),
(52320476, 'AGUEDA ', 'ROCHA GRANADA', 'arocha@ingenieriadevias.com.co', 'INGENIERIA DE VIAS S.A.S. ADMO', 'ASISTENTE ADMINISTRATIVO I', 4, 5885309),
(52335517, 'DIANA CAROLINA', 'ACOSTA GONGORA', 'dicaroacos@yahoo.com', 'INGENIERIA DE VIAS S.A.S. CTO.', 'RESIDENTE SOCIAL', 3, 79601202),
(52336273, 'DORIS ', 'RIVERA VELANDIA', 'drivera@ingenieriadevias.com.co', 'EQUIPOS Y TRITURADOS SAS ADMIN', 'JEFE DE TESORER?A', 2, 19265798),
(52441454, 'OLGA LUCIA', 'TORO TORO', 'olga.toro@hotmail.com', 'INGENIERIA DE VIAS S.A.S. ADMO', 'AUXILIAR ADMINISTRATIVO', 4, 5881817),
(52750364, 'ROCIO ', 'GONZALEZ PAOLA', '', 'INGENIERIA DE VIAS S.A.S. ADMO', 'RECEPCIONISTA', 4, 63324641),
(52751549, 'LEIDY ELIZABETH', 'BLANCO ALARCON', 'eblanco@ingenieriadevias.com.co', 'EQUIPOS Y TRITURADOS SAS ADMIN', 'ANALISTA DE NOMINA', 3, 52084119),
(52851986, 'ANA MARIA', 'RESTREPO LONDO?O', '', 'INGENIERIA DE VIAS S.A.S. ADMO', 'AUXILIAR ADMINISTRATIVO', 4, 52084119),
(53012837, 'PAOLA ANDREA', 'CONTECHA MORALES', '', 'INGENIERIA DE VIAS S.A.S. ADMO', 'ASISTENTE DE GERENCIA', 4, 2284145),
(53031291, 'LILIANA ', 'HERRERA ACERO', 'lherrera@ingenieriadevias.com.co', 'CONSORCIO VIAS DEL META 2019 A', 'COORDINADOR DE N?MINA', 3, 52084119),
(53048005, 'SOL MILENA', 'PE?A FUQUENE', 'solecito211284@gmail.com', 'INGENIERIA DE VIAS S.A.S. CTO ', 'ADMINISTRADOR DE OBRA', 3, 13842350),
(60422959, 'DIANA PATRICIA', 'APONTE LOZANO', 'daponte@ingenieriadevias.com.co', 'INGENIERIA DE VIAS S.A.S. ADMO', 'COORDINADOR DE CALIDAD', 3, 27983910),
(60441066, 'NORENA LAURA', 'BUSTOS MOLINA', 'calidadplantaolaya@gmail.com', 'INGENIERIA DE VIAS S.A.S. PLAN', 'AUXILIAR ADMINISTRATIVO EN OBR', 4, 1110452148),
(63324641, 'JACQUELINE ', 'CEPEDA FERNANDEZ', 'jcepeda@ingenieriadevias.com.co', 'INGENIERIA DE VIAS S.A.S. ADMO', 'ASISTENTE DE GERENCIA', 4, 2284145),
(63443301, 'ALIX', 'GIL', '', 'INGENIERIA DE VIAS S.A.S. CTO.', 'RESIDENTE SOCIAL', 3, 13992606),
(63518995, 'CAROLINA ', 'URIBE SEGURA', 'curibe@ingenieriadevias.com.co', 'CONSORCIO SOMONDOCO EL SALITRE', 'ANALISTA DE NOMINA', 3, 52084119),
(65778469, 'YERLY ', 'RODRIGUEZ BEDOYA', 'sisocto1391@gmail.com', 'CONSORCIO VIAS Y EQUIPOS CANDE', 'RESIDENTE SST', 3, 89006321),
(65780322, 'MAGDA CRISTINA', 'PARRA CONTECHA', 'magdacparrac@hotmail.com', 'INGENIERIA DE VIAS S.A.S. ADMO', 'COORDINADOR ADMINISTRATIVA', 3, 2284145),
(70080204, 'VICTOR ALFONSO', 'MEDINA BUENO', 'calidadplantalalibertad@gmail.com', 'AGREGADOS TETUAN S.A.S. ADMINI', 'OPERADOR GR?A', 4, 5881817),
(70417329, 'LUIS ALFONSO', 'RODRIGUEZ SANCHEZ', 'calidadcto1515@gmail.com', 'INGENIERIA DE VIAS S.A.S. CTO ', 'OPERADOR FIORI', 4, 76314250),
(70662842, 'CARLOS ALEJAND', 'OSPINA CASTRILLON', '', 'CONSORCIO VIAS Y EQUIPOS CANDE', 'OPERADOR DE VIBRO-COMPACTADOR', 4, 89006321),
(71625272, 'OMAR DARIO', 'SEPULVEDA SERRANO', 'calidadplantaloscocos@gmail.com', 'CONSORCIO VIAS Y EQUIPOS SAN O', 'INGENIERO DIRECTOR GENERAL DE ', 2, 2284145),
(71751711, 'ADRIAN DE', 'SANCHEZ MONTOYA', 'calidadctocimitarra@gmail.com', 'AGREGADOS TETUAN S.A.S. PLANTA', 'OPERADOR PLANTA DE ASFALTO', 4, 28951310),
(72202369, 'FELIPE DANIEL', 'SAMPAYO CALLE', '', 'CONSORCIO VIAS DEL META 2019 C', 'OPERADOR DE VIBRO-COMPACTADOR', 4, 6768479),
(73142238, 'ORO RAFAEL', 'ARRIETA DE', '', 'INGENIERIA DE VIAS S.A.S. CTO.', 'INSPECTOR OBRA / V?A', 4, 79601202),
(73544510, 'ELIECER ', 'VILLEGAS CASTILLO', 'eliecervillegas717@gmail.com', 'CONSORCIO VIAS DEL META 2019 C', 'INSPECTOR OBRA / V?A', 4, 6768479),
(74084089, 'EDISON ORLANDO', 'DIAZ BARRERA', '', 'INGENIERIA DE VIAS S.A.S. CTO.', 'RESIDENTE SST', 3, 13992606),
(74130905, 'ESTAUROFILO ', 'CIPAGAUTA GAMBOA', '', 'INGENIERIA DE VIAS S.A.S. CTO.', 'CONDUCTOR DE VOLQUETA DOBLE TR', 4, 13992606),
(74182210, 'PABLO ISRAEL', 'ACERO ROJAS', 'calidadplantalalibertad@gmail.com', 'AGREGADOS TETUAN S.A.S. PLANTA', 'ALMACENISTA', 4, 7174847),
(74240308, 'CARLOS HERNANDO', 'CORTES VILLAMIL', 'otoro@ingenieriadevias.com.co', 'AGREGADOS TETUAN S.A.S. CONDUC', 'CONDUCTOR DE TRACTOMULA', 4, 79601202),
(74241036, 'JESUS ARMANDO', 'VARGAS TORRES', 'calidadplantaolaya@gmail.com', 'AGREGADOS TETUAN S.A.S. PLANTA', 'OPERADOR DE RETROEXCAVADORA', 4, 7174847),
(74245065, 'OSCAR MEYITH', 'ARIAS CASTILLO', '', 'CONSORCIO VIAS DEL BICENTENARI', 'OPERADOR MINICARGADOR', 4, 7301726),
(74325753, 'FERNEY EULICE', 'MONROY DAZA', 'fmonroydaza1781@gmail.com', 'INGENIERIA DE VIAS S.A.S. CTO.', 'INSPECTOR OBRA / V?A', 4, 79601202),
(74334049, 'SEGUNDO TEOFILO', 'CAMARGO NEIRA', '', 'INGENIERIA DE VIAS S.A.S. CTO.', 'OPERADOR BULD?ZER', 4, 79601202),
(74357980, 'CARLOS ALIRIO', 'SANCHEZ FUENTES', 'calidadcto115@gmail.com', 'INGENIERIA DE VIAS S.A.S. CTO.', 'CONDUCTOR DE VOLQUETA DOBLE TR', 4, 79601202),
(74358698, 'OMAR HERNAN', 'FONSECA ROJAS', '', 'INGENIERIA DE VIAS S.A.S. CTO.', 'CONDUCTOR DE VOLQUETA DOBLE TR', 4, 13992606),
(74358833, 'GUSTAVO ANTONIO', 'LOPEZ RUIZ', '', 'INGENIERIA DE VIAS S.A.S. CTO.', 'CONDUCTOR DE VOLQUETA SENCILLA', 4, 13992606),
(74359535, 'FERNANDO ', 'VALDERRAMA CAMARGO', '', 'INGENIERIA DE VIAS S.A.S. CTO.', 'CONDUCTOR DE VOLQUETA DOBLE TR', 4, 13992606),
(74417526, 'JOSE LUIS', 'CASTRO CARO', '', 'AGREGADOS TETUAN S.A.S. PLANTA', 'CONDUCTOR VOLQUETA SENCILLA', 4, 7174847),
(74795498, 'DAIRO ELIECER', 'TABAREZ JARAMILLO', 'dairo.tabaresj@hotmail.com', 'AGREGADOS TETUAN S.A.S. ADMINI', 'MEC?NICO', 4, 5885309),
(75064441, 'ALDEMAR ', 'CORTES SALINAS', 'acortes@ingenieriadevias.com.co', 'INGENIERIA DE VIAS S.A.S. ADMO', 'DIRECTOR DE OBRA', 2, 2284145),
(75089548, 'MAURICIO ', 'BUSTAMANTE GOMEZ', 'mbustamante@ingenieriadevias.com.co', 'INGENIERIA DE VIAS S.A.S. ADMO', 'ESPECIALISTAS', 3, 80173670),
(76027644, 'EIDER ', 'ASTUDILLO UNI', 'calidadcto1326@gmail.com', 'CONSORCIO VIAS Y EQUIPOS CANDE', 'CADENERO II', 4, 89006321),
(76045180, 'SEGUNDO MANUEL', 'GRUESO ARIAS', '', 'INGENIERIA DE VIAS S.A.S. CTO.', 'INGENIERO RESIDENTE DE OBRA', 3, 12981407),
(76150306, 'JORGE ANDRES', 'VALENCIA CASTILLO', 'calidadcto1515@gmail.com', 'CONSORCIO VIAS Y EQUIPOS CANDE', 'OPERADOR DE FINISHER', 4, 89006321),
(76259460, 'NELSON ', 'CAMAYO PATI?O', 'calidadcto1515@gmail.com', 'INGENIERIA DE VIAS S.A.S. CTO ', 'CADENERO II', 4, 76314250),
(76263403, 'JUAN CARLOS', 'ECHEVERRY VARGAS', 'calidadplantagabriellopez@gmail.com', 'INGENIERIA DE VIAS S.A.S. PLAN', 'SOLDADOR', 4, 5822626),
(76263435, 'JOSE ANTONIO', 'MOGROVEJO GAVIRIA', 'calidadplantaloscocos@gmail.com', 'INGENIERIA DE VIAS S.A.S. CTO ', 'OPERADOR DUMPER', 4, 76314250),
(76293406, 'ARTEMIO ', 'MALES SAMBONI', 'calidadplantagalindez@gmail.com', 'INGENIERIA DE VIAS S.A.S. CTO ', 'OPERADOR COMPRESOR', 4, 76314250),
(76305704, 'SAUL ', 'FAJARDO BENAVIDES', 'calidad1326@gmail.com', 'INGENIERIA DE VIAS S.A.S. CTO ', 'CONDUCTOR DE CARROTANQUE', 4, 76314250),
(76308449, 'YIMI ARNOLDO', 'ORTEGA BURBANO', 'otoro@ingenieriadevias.com.co', 'AGREGADOS TETUAN S.A.S. CONDUC', 'CONDUCTOR DE TRACTOMULA', 4, 10695544),
(76308960, 'JOSE FERNANDO', 'MONTEALEGRE LOPEZ', '', 'INGENIERIA DE VIAS S.A.S. CTO ', 'DIRECTOR DE OBRA', 2, 76314250),
(76309735, 'ALBREY HERNANDO', 'MU?OZ RUANO', '', 'CONSORCIO VIAS Y EQUIPOS CANDE', 'CADENERO I', 4, 89006321),
(76314220, 'AQUILINO ', 'DIAZ QUISTANCHALA', '', 'INGENIERIA DE VIAS S.A.S. PLAN', 'OPERADOR DE VIBRO-COMPACTADOR', 4, 5822626),
(76314250, 'EDGAR JAVIER', 'CAICEDO RENDON', 'ejacar1971@yahoo.com', 'INGENIERIA DE VIAS S.A.S.CTO 1', 'DIRECTOR DE OBRA', 2, 2284145),
(76317295, 'PARMENIDES ', 'CALDON LEBAZA', '', 'INGENIERIA DE VIAS S.A.S. CTO ', 'OPERADOR DE RETROEXCAVADORA', 4, 76314250),
(76328090, 'RAFAEL EDYNSON', 'SANCHEZ CONEJO', '', 'INGENIERIA DE VIAS S.A.S. CTO ', 'CONDUCTOR DE VOLQUETA SENCILLA', 4, 76314250),
(76329509, 'JOSE ALIRIO', 'SANTIAGO SANCHEZ', '', 'INGENIERIA DE VIAS S.A.S. CTO ', 'CONDUCTOR DE VOLQUETA DOBLE TR', 4, 76314250),
(76329961, 'JAIRO ALONSO', 'PILLIMUE GOLONDRINO', 'pillimuejairo@hotmail.com', 'INGENIERIA DE VIAS S.A.S. CTO.', 'OPERADOR DE MOTONIVELADORA', 4, 13992606),
(76330157, 'OFNEY ALEXANDER', 'MU?OZ HURTADO', 'otoro@ingenieriadevias.com.co', 'AGREGADOS TETUAN S.A.S. CONDUC', 'CONDUCTOR DE TRACTOMULA', 4, 10695544),
(76330345, 'JONATAN ANDRES', 'CUELLAR SANCHEZ', '', 'AGREGADOS TETUAN S.A.S. PLANTA', 'CONDUCTOR DE MIXER', 4, 79261636),
(76332508, 'FREDY HERNAN', 'AGUILAR CALAPSU', 'calidadcto1326@gmail.com', 'INGENIERIA DE VIAS S.A.S. CTO ', 'OPERADOR DE RETROEXCAVADORA', 4, 76308960),
(76334302, 'CARLOS ALBERTO', 'SOTELO PERAFAN', 'calidadcto1326@gmail.com', 'AGREGADOS TETUAN S.A.S. PLANTA', 'MEC?NICO', 4, 5822626),
(76343248, 'ARNOLD YOVANY', 'ERAZO RIVERA', '', 'INGENIERIA DE VIAS S.A.S. CTO ', 'OPERADOR DE RETROEXCAVADORA', 4, 76308960),
(76357309, 'MILTON RODRIGO', 'CHAVARRO IMBACHI', '', 'INGENIERIA DE VIAS S.A.S. CTO ', 'CONDUCTOR DE VOLQUETA DOBLE TR', 4, 76314250),
(77081823, 'NELSON EDUARD', 'AGUILERA RODRIGUEZ', 'calidadcto1391@gmail.com', 'INGENIERIA DE VIAS S.A.S. CTO.', 'OPERADOR DE FINISHER', 4, 13992606),
(78323199, 'JAIME ELIAS', 'RAMIREZ TORRES', '', 'CONSORCIO VIAS DEL META 2019 C', 'CADENERO', 4, 6768479),
(78755858, 'NAIROVIS ANTO', 'ORTEGA ALTAMIRANDA', 'calidadplantagabriellopez@gmail.com', 'AGREGADOS TETUAN S.A.S. PLANTA', 'SOLDADOR', 4, 79261636),
(79001247, 'VICTOR MANUEL', 'OLARTE LONDO?O', '', 'CONSORCIO VIAS DEL META 2019 C', 'INSPECTOR OBRA / V?A', 2, 6768479),
(79004874, 'EDILBERTO', 'SANCHEZ', '', 'CONSORCIO VIAS DEL BICENTENARI', 'CONDUCTOR DE VEH?CULOS LIVIANO', 4, 7301726),
(79057937, 'GERMAN ALONSO', 'LEAL OLIVOS', 'calidadplantaloscocos@gmail.com', 'INGENIERIA DE VIAS S.A.S. CTO.', 'INGENIERO RESIDENTE DE OBRA', 3, 79601202),
(79115696, 'JULIO ROBERTO', 'CARDENAS MORA', '', 'INGENIERIA DE VIAS S.A.S. ADMO', 'PILOTO', 4, 2284145),
(79219028, 'DEIVIS ENRIQUE', 'BERMUDEZ GARCIA', '', 'AGREGADOS TETUAN S.A.S. PLANTA', 'SOLDADOR', 4, 7174847),
(79232292, 'EMILIO ', 'LOZANO CARLOS', 'calidadcto936@gmail.com', 'AGREGADOS TETUAN S.A.S. PLANTA', 'MEC?NICO', 4, 7174847),
(79246501, 'LUIS EDUARDO', 'SAMACA TOCARRUNCHO', '', 'INGENIERIA DE VIAS S.A.S. CTO.', 'OPERADOR DE RETROEXCAVADORA', 4, 13992606),
(79257897, 'LUIS ANTONIO', 'CARDENAS CORTES', 'calidadplantaloscocos@gmail.com', 'AGREGADOS TETUAN S.A.S. PLANTA', 'OPERADOR DUMPER', 4, 1110452148),
(79261636, 'JORGE ALFREDO', 'PEREZ TEJEDOR', 'jormafenu@yahoo.es', 'AGREGADOS TETUAN S.A.S. PLANTA', 'JEFE DE PLANTA', 2, 5881817),
(79278651, 'EFRAIN ', 'NAVARRO BEDOYA', 'calidadplantaolaya@gmail.com', 'AGREGADOS TETUAN S.A.S. ADMINI', 'MEC?NICO', 4, 5881817),
(79326162, 'JOSE JAVIER', 'HERRERA VELANDIA', 'jherrera@ingenieriadevias.com.com', 'INGENIERIA DE VIAS S.A.S. ADMO', 'COORDINADOR NACIONAL DE SEGURI', 3, 2284145),
(79436762, 'JUAN CARLOS', 'TORO GIL', 'jtoro@ingenieriadevias.com.co', 'INGENIERIA DE VIAS S.A.S. ADMO', 'ANALISTA DE COMPRAS', 3, 5885309),
(79515527, 'FUERTE JAIRO', 'DE FELIPE', '', 'AGREGADOS TETUAN S.A.S. PLANTA', 'CONDUCTOR DE VEH?CULOS LIVIANO', 4, 4888122),
(79531386, 'WILSON URBANO', 'GALAN GALAN', '', 'INGENIERIA DE VIAS S.A.S. CTO.', 'CADENERO I', 4, 79601202),
(79601202, 'LEONARDO ', 'GONZALEZ RIA?O', 'leon11gonza@hotmail.com', 'INGENIERIA DE VIAS S.A.S. CTO.', 'DIRECTOR DE OBRA', 2, 2284145),
(79602622, 'ANIBAL JAVIER', 'ROMERO BECERRA', 'calidadcto1391@gmail.com', 'CONSORCIO VIAS DEL BICENTENARI', 'OPERADOR DE RETROEXCAVADORA', 4, 7301726),
(79629262, 'JOSE JAVIER', 'MONTEALEGRE VEGA', '', 'AGREGADOS TETUAN S.A.S. ADMINI', 'CONDUCTOR DE VEH?CULOS LIVIANO', 4, 5885309),
(79689457, 'VARGAS JUVENAL', 'DEL CASTILLO', '', 'CONSORCIO VIAS Y EQUIPOS CUBAR', 'INGENIERO RESIDENTE DE OBRA', 3, 13495606),
(79743048, 'PEDRO JAVIER', 'VARGAS BAYONA', '', 'INGENIERIA DE VIAS S.A.S. PLAN', 'JEFE DE PLANTA', 2, 5881817),
(79768178, 'ANDRES ', 'DUCUARA YONNY', 'calidadcto1391@gmail.com', 'AGREGADOS TETUAN S.A.S. ADMINI', 'MEC?NICO', 4, 5885309),
(79781800, 'GUSTAVO ALIECER', 'CLAVIJO MONTA?O', '', 'CONSORCIO VIAS DEL META 2019 C', 'INGENIERO RESIDENTE DE OBRA', 3, 6768479),
(79785397, 'JAVIER MAURICIO', 'ESPINOSA MACIAS', 'jespinosa@ingenieriadevias.com.co', 'CONSORCIO VIAS DEL BICENTENARI', 'COORDINADOR SISTEMA DE INFORMA', 3, 19265798),
(79842489, 'WILMER FERNA', 'ARBOLEDA ENRIQUEZ', 'wilmerfer1@hotmail.com', 'AGREGADOS TETUAN S.A.S. PLANTA', 'ALMACENISTA', 4, 5822626),
(79865528, 'HENRY OTONIEL', 'MARIN JARAMILLO', 'calidadcto1391@gmail.com', 'CONSORCIO VIAS Y EQUIPOS CANDE', 'OPERADOR DE MOTONIVELADORA', 4, 89006321),
(79883757, 'LUIS EDUARDO', 'TORRES MORENO', '', 'AGREGADOS TETUAN S.A.S. ADMINI', 'PINTOR AUTOMOTRIZ', 4, 5885309),
(79904860, 'ERICK ', 'MARTINEZ CHAVES', 'emartinez@ingenieriadevias.com.co', 'INGENIERIA DE VIAS S.A.S. ADMO', 'AUXILIAR DE COMPRAS', 4, 5885309),
(79939777, 'JUAN DAVID', 'NARANJO TRUJILLO', 'ingviasjdn@gmail.com', 'INGENIERIA DE VIAS S.A.S. ADMO', 'ASISTENTE DE COMPRAS', 4, 5885309),
(79977811, 'ANDREIS DARIO', 'PAEZ ALVARADO', '', 'CONSORCIO VIAS Y EQUIPOS 2017 ', 'OPERADOR DE MOTONIVELADORA', 4, 15504291),
(80021713, 'EDIER NORBEY', 'TABARES JARAMILLO', '', 'AGREGADOS TETUAN S.A.S. ADMINI', 'MEC?NICO', 4, 5885309),
(80070270, 'JOSE ALBERTO', 'GUEVARA CALDERON', '', 'INGENIERIA DE VIAS S.A.S. ADMO', 'PINTOR AUTOMOTRIZ', 4, 5885309),
(80134156, 'HECTOR YESID', 'RUIZ MARTINEZ', '', 'INGENIERIA DE VIAS S.A.S. ADMO', 'CONDUCTOR (GERENCIA GENERAL/ A', 4, 63324641),
(80157792, 'EDGAR FERNANDO', 'CANO TORRES', 'fercho_1359@hotmail.com', 'AGREGADOS TETUAN S.A.S. PLANTA', 'OPERADOR DE RETROEXCAVADORA', 4, 7174847),
(80166561, 'CARLOS ', 'GARZON AVILA', '', 'AGREGADOS TETUAN S.A.S. PLANTA', 'ALMACENISTA', 4, 28951310),
(80166591, 'JAIME ANDRES', 'PARRA CONTECHA', 'japacon25@hotmail.com', 'INGENIERIA DE VIAS S.A.S. CTO ', 'INGENIERO RESIDENTE DE OBRA', 3, 76314250),
(80172056, 'LEONIDAS ', 'CABALLERO PERALTA', 'calidadcto769@gmail.com', 'INGENIERIA DE VIAS S.A.S. CTO.', 'CONDUCTOR DE VOLQUETA DOBLE TR', 4, 13992606),
(80173670, 'GERARDO ALONSO', 'RODRIGUEZ ROMERO', 'grodriguez@ingenieriadevias.com.co', 'INGENIERIA DE VIAS S.A.S. ADMO', 'INGENIERO GEOTECNISTA', 3, 2284145),
(80206358, 'LEOLEGAR ', 'TORRES IBA?EZ', '', 'AGREGADOS TETUAN S.A.S. ADMINI', 'MEC?NICO', 4, 5885309),
(80323104, 'JUAN CAROL', 'HERNANDEZ MONTERO', '', 'AGREGADOS TETUAN S.A.S. PLANTA', 'OPERADOR DE FRESADORA', 4, 79261636),
(80378533, 'MIGUEL OSWALDO', 'GONZALEZ URREGO', '', 'CONSORCIO VIAS Y EQUIPOS CANDE', 'OPERADOR BULD?ZER', 4, 89006321),
(80381542, 'ALVARITO ', 'DUQUE MIRANDA', 'calidadcto936@gmail.com', 'CONSORCIO INFRAESTRUCTURA VIAL', 'OPERADOR DE RETROEXCAVADORA', 4, 5966465),
(80392781, 'GABRIEL ANTONIO', 'GARCIA GARZON', '', 'AGREGADOS TETUAN S.A.S. PLANTA', 'OPERADOR DE RETROEXCAVADORA', 4, 1110452148),
(80492238, 'HERNANDO ', 'AMEZQUITA ROJAS', 'hernando714@gmail.com', 'AGREGADOS TETUAN S.A.S. PLANTA', 'OPERADOR DE CARGADOR', 4, 7174847),
(80539446, 'LUIS EDUARDO', 'LICHT PARDO', '', 'CONSORCIO VIAS Y EQUIPOS 2015 ', 'CONDUCTOR DE VOLQUETA DOBLE TR', 4, 13842350);
INSERT INTO `evaluados` (`Identificacion`, `Nombres`, `Apellidos`, `email`, `Area`, `Cargo`, `idCategoria`, `idConsultor`) VALUES
(80541133, 'GUILLERMO ', 'LOPEZ ORJUELA', 'calidadcto117b@gmail.com', 'INGENIERIA DE VIAS S.A.S. CTO ', 'OPERADOR DE RETROEXCAVADORA', 4, 76314250),
(80730396, 'YONATHAN EDUARDO', 'GARZON AVILA', 'calidadplantaloscocos@gmail.com', 'AGREGADOS TETUAN S.A.S. ADMINI', 'SOLDADOR', 4, 5881817),
(80746620, 'JEISON ALBERTO', 'CAICEDO RINCON', 'jeisoncaicedo@hotmail.com', 'INGENIERIA DE VIAS S.A.S. ADMO', 'MEC?NICO', 4, 5885309),
(80810868, 'HOLLMAN ESTEBAN', 'AYALA ANGULO', 'ing-hollmaneayala@hotmail.com', 'INGENIERIA DE VIAS S.A.S. ADMO', 'INGENIERO DE EQUIPOS Y OBRAS D', 3, 2284145),
(80831717, 'CRISTHIAN CAMILO', 'MEDINA BAUTISTA', '', 'AGREGADOS TETUAN S.A.S. ADMINI', 'SOLDADOR', 4, 5885309),
(80843747, 'LUIS ALBERTO', 'SANCHEZ PEREZ', 'sistemas@ingenieriadevias.com.co', 'CONSORCIO VIAS Y EQUIPOS CANDE', 'ANALISTA DE SISTEMAS', 3, 19265798),
(80858597, 'FABIAN LEONARDO', 'MENDEZ JAIMES', 'fmendez@ingenieriadevias.com.co', 'EQUIPOS Y TRITURADOS SAS ADMIN', 'AUXILIAR DE ARCHIVO II', 4, 19265798),
(80879905, 'EDISON RICARDO', 'MU?OZ PRADA', '', 'AGREGADOS TETUAN S.A.S. ADMINI', 'ANALISTA DE COMPRAS', 3, 5885309),
(80912745, 'EDGAR ALEXANDER', 'VILLEGAS CANO', 'sofiavillegasmarquez291@gmail.com', 'AGREGADOS TETUAN S.A.S. ADMINI', 'OPERADOR RECICLADORA', 4, 5881817),
(82382771, 'BERNARDO ANTON', 'MOSQUERA MOSQUERA', 'calidadplantagabriellopez@gmail.com', 'INGENIERIA DE VIAS S.A.S. CTO ', 'OPERADOR DE RETROEXCAVADORA', 4, 76308960),
(83088653, 'FARITH ', 'ROSAS PERDOMO', '', 'CONSORCIO VIAS Y EQUIPOS CUBAR', 'CONDUCTOR DE MIXER', 4, 13495606),
(83089273, 'CARLOS EDUARDO', 'MOTTA ALVAREZ', '', 'INGENIERIA DE VIAS S.A.S. CTO.', 'INGENIERO RESIDENTE DE OBRA', 3, 13992606),
(83237526, 'GIOVANNY ', 'CHILA CHAMBO', '', 'INGENIERIA DE VIAS S.A.S. CTO.', 'OPERADOR DE VIBRO-COMPACTADOR', 4, 13992606),
(86039424, 'JESUS ALFONSO', 'TOVAR LEAL', '', 'CONSORCIO VIAS DEL META 2019 C', 'INGENIERO DE COSTOS', 3, 6768479),
(87064550, 'MANUEL HUMBERTO', 'DELGADO CADENA', '', 'INGENIERIA DE VIAS S.A.S. CTO.', 'CONDUCTOR DE VOLQUETA DOBLE TR', 4, 12981407),
(87069087, 'BERNARDO JAVIER', 'CERON MELO', '', 'INGENIERIA DE VIAS S.A.S. CTO.', 'OPERADOR DE RETROCARGADOR', 4, 12981407),
(87532804, 'ANTIDIO FAVIAN', 'MORA MORA', '', 'INGENIERIA DE VIAS S.A.S. CTO ', 'CONDUCTOR DE VOLQUETA DOBLE TR', 4, 76308960),
(88160936, 'NEPTALY', 'GAFARO', 'calidadctocimitarra@gmail.com', 'CONSORCIO VIAS DEL BICENTENARI', 'OPERADOR CARGADOR', 4, 7301726),
(88199829, 'JORGE ENRIQUE', 'ARTEAGA NI?O', 'calidadplantaloscocos@gmail.com', 'INGENIERIA DE VIAS S.A.S. CTO ', 'INGENIERO MEC?NICO', 3, 5881817),
(88224605, 'JAIME IVAN', 'PRADA VANEGAS', '', 'INGENIERIA DE VIAS S.A.S. ADMO', 'DIRECTOR JUR?DICO', 2, 19265798),
(88244261, 'JORGE ANTONIO', 'BUILES HENAO', '', 'INGENIERIA DE VIAS S.A.S. CTO ', 'CONDUCTOR DE VOLQUETA DOBLE TR', 4, 76308960),
(89006321, 'HUGO HERNAN', 'HERRERA GONZALEZ', '', 'CONSORCIO VIAS Y EQUIPOS CANDE', 'DIRECTOR DE OBRA', 2, 2284145),
(91010331, 'EDGAR', 'PORRAS', 'calidadcto769@gmail.com', 'CONSORCIO VIAS DEL BICENTENARI', 'CONDUCTOR DE CARROTANQUE', 4, 7301726),
(91012375, 'GERMAN ', 'CAMELO PORRAS', 'calidadcto2351@gmail.com', 'AGREGADOS TETUAN S.A.S. PLANTA', 'CONDUCTOR DE CARROTANQUE', 4, 28951310),
(91013327, 'FERNANDO ', 'ARDILA GOMEZ', 'calidadcto1391@gmail.com', 'CONSORCIO VIAS Y EQUIPOS 2017 ', 'OPERADOR DE FINISHER', 4, 15504291),
(91013564, 'WILLIAN ', 'CAMELO PORRAS', 'calidadplantalalibertad@gmail.com', 'AGREGADOS TETUAN S.A.S. PLANTA', 'CONDUCTOR DE CARROTANQUE', 4, 7174847),
(91013920, 'FREDY ', 'LUENGAS VALENZUELA', '', 'CONSORCIO VIAS DEL BICENTENARI', 'CONDUCTOR DE VOLQUETA DOBLE TR', 4, 7301726),
(91015425, 'ISNARDO ', 'CUELLAR DIAZ', 'biocuellar@hotmail.com', 'AGREGADOS TETUAN S.A.S. PLANTA', 'RESIDENTE AMBIENTAL', 3, 7174847),
(91016539, 'JORGE ELIECER', 'GAITAN LUENGAS', '', 'CONSORCIO VIAS DEL BICENTENARI', 'TOPOGRAFO INSPECTOR', 4, 7301726),
(91017033, 'ALBERTO ', 'GOMEZ EDWIN', '', 'CONSORCIO VIAS DEL BICENTENARI', 'OPERADOR DE FINISHER', 4, 7301726),
(91018078, 'JONATHAL ', 'HERRERA COY', 'otoro@ingenieriadevias.com.co', 'AGREGADOS TETUAN S.A.S. CONDUC', 'CONDUCTOR DE TRACTOMULA', 4, 5881817),
(91018858, 'DIEGO ARMANDO', 'COY GARZON', 'otoro@ingenieriadevias.com.co', 'AGREGADOS TETUAN S.A.S. CONDUC', 'CONDUCTOR DE TRACTOMULA', 4, 5881817),
(91044926, 'MOISES ', 'PAREDES SUAREZ', 'calidadcto2351@gmail.com', 'CONSORCIO VIAS Y EQUIPOS 2017 ', 'OPERADOR DE VIBRO-COMPACTADOR', 4, 15504291),
(91072996, 'IGNACIO ', 'CAMACHO ARENAS', '', 'AGREGADOS TETUAN S.A.S. PLANTA', 'CONDUCTOR DE VOLQUETA DOBLETRO', 4, 16709247),
(91130615, 'ALVER AUGUSTO', 'AREIZA CARMONA', 'calidadcto117b@gmail.com', 'CONSORCIO VIAS DEL META 2019 C', 'OPERADOR DE FINISHER', 4, 6768479),
(91131938, 'ADAN ', 'RINCON GOMEZ', 'calidadcto3296@gmail.com', 'CONSORCIO VIAS Y EQUIPOS 2017 ', 'OPERADOR CARGADOR', 4, 15504291),
(91135803, 'ROBERTO ', 'RIOS DIAZ', '', 'AGREGADOS TETUAN S.A.S. PLANTA', 'OPERADOR DE CARGADOR', 4, 28951310),
(91136116, 'JOSE ANTONIO', 'MOSQUERA QUINTERO', 'calidadcto2351@gmail.com', 'AGREGADOS TETUAN S.A.S. PLANTA', 'CONDUCTOR DE VEH?CULOS LIVIANO', 4, 28951310),
(91175146, 'HUMBERTO ', 'JURADO RAMIREZ', '', 'CONSORCIO VIAS Y EQUIPOS 2017 ', 'OPERADOR DE VIBRO-COMPACTADOR', 4, 15504291),
(91213482, 'HERNANDO ', 'NAVARRO ORDU?A', 'cris_tho@hotmail.com', 'CONSORCIO VIAS Y EQUIPOS 2017 ', 'INSPECTOR OBRA / V?A', 4, 15504291),
(91227088, 'WILLIAM ', 'MONTAGUT SEPULVEDA', '', 'INGENIERIA DE VIAS S.A.S.CTO. ', 'INGENIERO RESIDENTE DE OBRA', 3, 13842350),
(91361915, 'WILSON ', 'TORRES ALFONSO', 'calidadctocimitarra@gmail.com', 'AGREGADOS TETUAN S.A.S. PLANTA', 'SOLDADOR', 4, 28951310),
(91363433, 'WILMER', 'SANTAMARIA', 'calidadplantaolaya@gmail.com', 'CONSORCIO VIAS Y EQUIPOS CUBAR', 'CONDUCTOR DE VOLQUETA DOBLE TR', 4, 13495606),
(91421108, 'HENRY ', 'BALCAZAR CAMPO', 'calidadplantaloscocos@gmail.com', 'AGREGADOS TETUAN S.A.S. PLANTA', 'OPERADOR DE CARGADOR', 4, 4888122),
(91444418, 'ALFONSO ', 'GOMEZ HERNANDEZ', '', 'AGREGADOS TETUAN S.A.S. PLANTA', 'CONDUCTOR DE VOLQUETA DOBLETRO', 4, 16709247),
(91454437, 'ANDRES ', 'PINTO BLANCO', 'andrespintoblanco1@hotmail.com', 'INGENIERIA DE VIAS S.A.S. PLAN', 'OPERADOR PLANTA DE ASFALTO', 4, 4888122),
(92539778, 'ADELFIN MANUEL', 'SUAREZ SUAREZ', '', 'INGENIERIA DE VIAS S.A.S. CTO ', 'OPERADOR DE VIBRO-COMPACTADOR', 4, 13842350),
(93021341, 'JHON FREDY', 'MEDINA LOAIZA', '', 'AGREGADOS TETUAN S.A.S. PLANTA', 'CONDUCTOR DE CARROTANQUE', 4, 1110452148),
(93085316, 'JOSE ALVIS', 'BERNATE BONILLA', 'calidadplantalassenoritas@gmail.com', 'AGREGADOS TETUAN S.A.S. PLANTA', 'MEC?NICO', 4, 4888122),
(93129015, 'JOAQUIN MARCELO', 'GUZMAN SANCHEZ', 'yanethvelascomogollon@gmail.com', 'CONSORCIO INFRAESTRUCTURA VIAL', 'CADENERO', 4, 5966465),
(93238873, 'HERNAN ALONSO', 'URUE?A TAFUR', 'ingeviasolaya@gmail.com', 'AGREGADOS TETUAN S.A.S. ADMINI', 'AUXILIAR DE ALMAC?N', 4, 5885309),
(93335602, 'LUIS OBDULIO', 'ROJAS SANTOS', '', 'CONSORCIO VIAS Y EQUIPOS CANDE', 'CADENERO I', 4, 89006321),
(93336041, 'REINED ', 'VASQUEZ NORE?A', 'calidadplantaloscocos@gmail.com', 'INGENIERIA DE VIAS S.A.S. CTO ', 'CADENERO I', 4, 7301726),
(93336103, 'OSWALDO ', 'VASQUEZ NORE?A', 'oswaldovasquez@live.com', 'CONSORCIO VIAS DEL BICENTENARI', 'INSPECTOR OBRA / V?A', 4, 7301726),
(93337469, 'YESID ', 'VASQUEZ NORE?A', 'calidadplantaloscocos@gmail.com', 'INGENIERIA DE VIAS S.A.S. CTO.', 'CADENERO I', 4, 79601202),
(93338068, 'FERLEY ', 'VASQUEZ NORE?A', 'calidadplantaloscocos@gmail.com', 'INGENIERIA DE VIAS S.A.S. CTO ', 'CADENERO I', 4, 7301726),
(93338303, 'JOSE RODOLFO', 'CARRION LOPEZ', '', 'INGENIERIA DE VIAS S.A.S. CTO.', 'OPERADOR DE RETROEXCAVADORA', 4, 79601202),
(93339254, 'YEISON JAVIER', 'PARRA HERNANDEZ', 'calidadplantalassenoritas@gmail.com', 'AGREGADOS TETUAN S.A.S. ADMINI', 'SOLDADOR', 4, 5885309),
(93361436, 'HOVER NORMAN', 'RAMIREZ GONZALEZ', 'honoramirez@hotmail.com', 'INGENIERIA DE VIAS S.A.S. CTO.', 'TOPOGRAFO INSPECTOR', 4, 79601202),
(93366929, 'RICARDO ANTONIO', 'GARZON CERVANTES', '', 'CONSORCIO VIAS Y EQUIPOS CUBAR', 'CADENERO', 4, 13495606),
(93407691, 'JHON JAIRO', 'MORALES GUZMAN', '', 'CONSORCIO VIAS Y EQUIPOS 2017 ', 'INGENIERO RESIDENTE DE OBRA', 3, 15504291),
(93448017, 'ALEXANDER ', 'ROBLEDO CARDENAS', 'aroca314@hotmail.com', 'INGENIERIA DE VIAS S.A.S. CTO.', 'LABORATORISTA', 4, 79601202),
(93449486, 'FERNANDO ', 'AULLON MURILLO', '', 'CONSORCIO VIAS DEL META 2019 C', 'CONDUCTOR DE VOLQUETA DOBLE TR', 4, 6768479),
(93450523, 'ALEXYS ', 'TRIANA SANCHEZ', 'calidadplantaolaya@gmail.com', 'AGREGADOS TETUAN S.A.S. PLANTA', 'CONDUCTOR DE VOLQUETA DOBLETRO', 4, 1110452148),
(93450557, 'ESTEBAN', 'AVILES', '', 'AGREGADOS TETUAN S.A.S. PLANTA', 'MEC?NICO', 4, 7174847),
(93452587, 'OSCAR FERNAND', 'RODRIGUEZ VAQUIRO', '', 'INGENIERIA DE VIAS S.A.S. CTO ', 'CONDUCTOR DE VEH?CULOS LIVIANO', 4, 76314250),
(93453546, 'DANILO', 'RINCON', '', 'INGENIERIA DE VIAS S.A.S. CTO ', 'CONDUCTOR DE VEH?CULOS LIVIANO', 4, 7301726),
(94042647, 'JULIAN ANDRES', 'SOSCUE MU?OZ', '', 'INGENIERIA DE VIAS S.A.S. CTO ', 'CONDUCTOR DE VOLQUETA DOBLE TR', 4, 76308960),
(94252035, 'GUILLERMO ANTONIO', 'MU?OZ AGUDELO', '', 'CONSORCIO VIAS DEL META 2019 P', 'MAESTRO', 4, 14296531),
(94253452, 'JOSE GILDARDO', 'AGUILAR BORRERO', 'calidadplantaloscocos@gmail.com', 'AGREGADOS TETUAN S.A.S. PLANTA', 'OPERADOR DE TRITURADORA', 4, 16709247),
(94254816, 'MARTIN JAVIER', 'BERNAL BARBOSA', 'calidadplantaolaya@gmail.com', 'AGREGADOS TETUAN S.A.S. PLANTA', 'OPERADOR DE TRITURADORA', 4, 4888122),
(94262858, 'DUVAN FERNEY', 'BETANCOURT YARCE', 'calidadplantaolaya@gmail.com', 'AGREGADOS TETUAN S.A.S. PLANTA', 'OPERADOR DE CARGADOR', 4, 1110452148),
(94275964, 'NUBIER ALBERTO', 'RAMIREZ BUSTOS', 'calidadcto1391@gmail.com', 'CONSORCIO VIAS Y EQUIPOS CANDE', 'OPERADOR DE RETROEXCAVADORA', 4, 89006321),
(94300625, 'FEDERICO ', 'VALENCIA LEDESMA', 'fedeval216@hotmail.com', 'AGREGADOS TETUAN S.A.S. PLANTA', 'OPERADOR DE TRITURADORA', 4, 7174847),
(94385656, 'CESAR ', 'GASCA GONZALEZ', 'cesargolez@gmail.com', 'AGREGADOS TETUAN S.A.S. PLANTA', 'LABORATORISTA', 4, 28951310),
(94386361, 'ARNOLDO ', 'LOPEZ GONZALEZ', 'calidadcto1391@gmail.com', 'AGREGADOS TETUAN S.A.S. ADMINI', 'SOLDADOR', 4, 5885309),
(94429732, 'JAIME ALBERTO', 'VARGAS MONTES', 'mackw1@hotmail.com', 'INGENIERIA DE VIAS S.A.S. CTO ', 'OPERADOR DE FRESADORA', 4, 13842350),
(94463310, 'HUGO FERNANDO', 'JARAMILLO LONDO?O', 'calidadcto1536@gmail.com', 'AGREGADOS TETUAN S.A.S. PLANTA', 'OPERADOR PLANTA DE ASFALTO', 4, 1110452148),
(94463728, 'JULIAN ', 'HERNANDEZ VILLADA', 'djboli84@hotmail.com', 'INGENIERIA DE VIAS S.A.S. CTO ', 'OPERADOR PERFORADORA HIDRAULIC', 4, 76314250),
(96353764, 'LOREZO ', 'LOSADA TOVAR', 'lorenzo_1975@hotmail.com', 'CONSORCIO VIAS Y EQUIPOS CANDE', 'OPERADOR DE VIBRO-COMPACTADOR', 4, 89006321),
(96353899, 'WYLFRETH HARRY', 'MURCIA CEBALLOS', '', 'AGREGADOS TETUAN S.A.S. CONDUC', 'CONDUCTOR DE TRACTOMULA', 4, 79601202),
(98352747, 'JOSE DIEGO', 'MALTE IMBACUAN', 'calidadcto1515@gmail.com', 'AGREGADOS TETUAN S.A.S. PLANTA', 'OPERADOR PLANTA DE CONCRETO', 4, 79261636),
(98399386, 'LA ROSA', 'JURADO DE', '', 'CONSORCIO VIAS Y EQUIPOS CANDE', 'RESIDENTE DE CALIDAD', 3, 89006321),
(98641930, 'HERNAN DE', 'MONTOYA RIOS', 'calidadcto1326@gmail.com', 'AGREGADOS TETUAN S.A.S. PLANTA', 'OPERADOR DE TRITURADORA', 4, 14296531),
(98651436, 'NEVER DARIO', 'RICARDO VIDES', 'never3529@hotmail.com', 'AGREGADOS TETUAN S.A.S. PLANTA', 'OPERADOR DE RETROEXCAVADORA', 4, 7174847),
(98765767, 'PAULO CESAR', 'RIVAS MOSQUERA', 'calidadcto3296@gmail.com', 'CONSORCIO VIAS DEL META 2019 P', 'OPERADOR DE RETROEXCAVADORA', 4, 14296531),
(1002405443, 'DANIEL FERNANDO', 'SIERRA OTALORA', 'calidadplantaloscocos@gmail.com', 'INGENIERIA DE VIAS S.A.S. CTO.', 'RESIDENTE DE CALIDAD', 3, 13992606),
(1002676922, 'LUIS CARLOS', 'LOPEZ CAMARGO', 'luiscarlos67@hotmail.com', 'CONSORCIO VIAS DEL BICENTENARI', 'OPERADOR DE RETROEXCAVADORA', 4, 7301726),
(1002860614, 'MANUEL FERNANDO', 'MOSQUERA PEREZ', '', 'AGREGADOS TETUAN S.A.S. PLANTA', 'PLANEADOR DE MANTENIMIENTO', 3, 79261636),
(1002927411, 'KAREN JULIETH', 'CASTILLO MU?OZ', '', 'INGENIERIA DE VIAS S.A.S. CTO ', 'BI?LOGO', 3, 76314250),
(1002970778, 'FERNANDO ', 'PEREZ MENDEZ', '', 'INGENIERIA DE VIAS S.A.S. CTO ', 'OPERADOR MINICARGADOR', 4, 76308960),
(1010069771, 'ROSA VIVIANA', 'MENDEZ ROA', '', 'CONSORCIO VIAS DEL META 2019 C', 'AUXILIAR ADMINISTRATIVO EN OBR', 4, 6768479),
(1010177532, 'MARTHA LILIANA', 'MU?OZ PRADA', 'lilianam@ingenieriadevias.com.co', 'AGREGADOS TETUAN S.A.S. ADMINI', 'ANALISTA CONTABLE', 3, 41689648),
(1010179252, 'JOHNNIER EDILSON', 'BETANCUR YARCE', 'calidadcto1261@gmail.com', 'AGREGADOS TETUAN S.A.S. PLANTA', 'OPERADOR DE CARGADOR', 4, 79261636),
(1012345337, 'JUAN SEBASTIAN', 'GOMEZ RAMIREZ', '', 'INGENIERIA DE VIAS S.A.S. ADMO', 'MENSAJERO', 4, 63324641),
(1012359779, 'JAIRO ALONSO', 'RAMIREZ ORTIZ', 'ingeviasolaya@gmail.com', 'INGENIERIA DE VIAS S.A.S. PLAN', 'ALMACENISTA', 4, 4888122),
(1013592714, 'EDGAR ANDRES', 'OVIEDO DUQUE', 'oviedoandres17@gmail.com', 'INGENIERIA DE VIAS S.A.S. CTO.', 'AUXILIAR DE INGENIER?A', 4, 79601202),
(1013611389, 'DAYANA ', 'CUBILLOS REY', '', 'CONSORCIO VIAS DEL META 2019 A', 'ASISTENTE DE IMPUESTOS', 4, 6768479),
(1014215288, 'DIANA CAMILA', 'PIRACUN BELTRAN', '', 'INGENIERIA DE VIAS S.A.S. ADMO', 'RESIDENTE DE CALIDAD', 3, 27983910),
(1014248587, 'ANGIE TATIANA', 'HURTADO AVILA', '', 'CONSORCIO VIAS Y EQUIPOS CUBAR', 'ASISTENTE DE TESORER?A', 4, 52336273),
(1015424699, 'JOHAM ALEXANDER', 'SANCHEZ NAVARRO', '', 'INGENIERIA DE VIAS S.A.S. ADMO', 'AUXILIAR DE LICITACIONES', 3, 1018413161),
(1015993793, 'LUIS ALEJANDRO', 'VALBUENA PASCUAS', '', 'INGENIERIA DE VIAS S.A.S. ADMO', 'ANALISTA DE DISE?O', 3, 63324641),
(1018413161, 'JUAN CARLOS', 'ESPITIA PARRA', 'jespitia@ingenieriadevias.com.co', 'INGENIERIA DE VIAS S.A.S. ADMO', 'JEFE DE LICITACIONES', 2, 2284145),
(1018413612, 'DIEGO ARMAND', 'RODRIGUEZ RODRIGUEZ', 'arodriguez@ingenieriadevias.com.co', 'INGENIERIA DE VIAS S.A.S. ADMO', 'ABOGADO AUXILIAR DE LICITACION', 3, 1018413161),
(1018458810, 'WENDY LORENA', 'PEREZ HERNANDEZ', '', 'INGENIERIA DE VIAS S.A.S. CTO ', 'RESIDENTE SOCIAL', 3, 7301726),
(1019090694, 'LEYDI LORENA', 'AGUIRRE PORRAS', '', 'CONSORCIO SOMONDOCO EL SALITRE', 'AUXILIAR ADMINISTRATIVO', 4, 13992606),
(1020745174, 'OSCAR ALEXANDER', 'RUIZ TORRES', '', 'AGREGADOS TETUAN S.A.S. PLANTA', 'AYUDANTE DE MEC?NICA', 4, 7174847),
(1020749127, 'LUISA FERNANDA', 'PRADA DIAZ', '', 'INGENIERIA DE VIAS S.A.S. ADMO', 'ASISTENTE JUR?DICO', 4, 88224605),
(1020763925, 'JHON EDISON', 'REYES QUITIAN', '', 'AGREGADOS TETUAN S.A.S. ADMINI', 'ANALISTA DE GESTI?N HUMANA', 3, 52084119),
(1022972669, 'ERIKA ALEXANDRA', 'SUAREZ CA?ON', '', 'EQUIPOS Y TRITURADOS SAS ADMIN', 'AUXILIAR JURIDICO', 4, 88224605),
(1023884466, 'ANGIE ', 'ARDILA FRANCO', 'aardila@ingenieriadevias.com.co', 'AGREGADOS TETUAN S.A.S. ADMINI', 'INGENIERO AMBIENTAL', 4, 27983910),
(1023926821, 'YURY ANDREA', 'MENDEZ ROA', '', 'CONSORCIO VIAS Y EQUIPOS CANDE', 'RESIDENTE CONTROL SINCO CONSTR', 3, 89006321),
(1024519535, 'JOSE GREGORIO', 'GA?AN SALGADO', '', 'CONSORCIO VIAS DEL META 2019 C', 'OPERADOR DE RETROEXCAVADORA', 4, 6768479),
(1024545446, 'ERIKA JISSEL', 'VILLABON ALVAREZ', '', 'INGENIERIA DE VIAS S.A.S. ADMO', 'ANALISTA CONTABLE', 3, 41689648),
(1026294466, 'PAULA DANIELA', 'AREVALO TORRES', '', 'CONSORCIO VIAS DEL BICENTENARI', 'RESIDENTE AMBIENTAL', 3, 7301726),
(1026563175, 'CRISTHIAN DARIO', 'OSPINA LOPEZ', '', 'INGENIERIA DE VIAS S.A.S. CTO.', 'ADMINISTRADOR DE OBRA', 3, 79601202),
(1030524095, 'JULY CAROLINA', 'ENGATIVA URIAN', '', 'INGENIERIA DE VIAS S.A.S. ADMO', 'AUXILIAR DE LABORATORIO', 4, 7174847),
(1030536894, 'JOHANNA MERCEDES', 'ROJAS PRIETO', '', 'EQUIPOS Y TRITURADOS SAS ADMIN', 'AUXILIAR DE GESTION HUMANA', 4, 52084119),
(1030541885, 'DIANA MARCELA', 'MORENO RIVEROS', 'mmoreno@ingenieriadevias.com.co', 'AGREGADOS TETUAN S.A.S. ADMINI', 'ANALISTA CONTABLE', 3, 41689648),
(1030574991, 'LORENZO ', 'REYES GORDILLO', 'calidadcto2351@gmail.com', 'CONSORCIO VIAS DEL BICENTENARI', 'CADENERO', 4, 7301726),
(1030669395, 'JULIAN ANDRES', 'AGUDELO PEREZ', '', 'AGREGADOS TETUAN S.A.S. ADMINI', 'CONDUCTOR (GERENCIA GENERAL/ A', 4, 63324641),
(1030677765, 'KAROLAYNE YUSET', 'MATIAS BONIVENTO', '', 'INGENIERIA DE VIAS S.A.S. ADMO', 'ANALISTA CONTABLE', 3, 41689648),
(1032415460, 'DIANA MARCELA', 'CARDENAS LINARES', 'dcardenas@ingenieriadevias.com.co', 'INGENIERIA DE VIAS S.A.S. ADMO', 'ANALISTA CONTABLE', 3, 41689648),
(1032463848, 'JULIAN ALBERTO', 'CONTECHA CAMELO', '', 'EQUIPOS Y TRITURADOS SAS ADMIN', 'INGENIERO MEC?NICO', 3, 5881817),
(1033734030, 'CRISTHIAN CAMILO', 'MOLINA CARMONA', '', 'INGENIERIA DE VIAS S.A.S. CTO ', 'OPERADOR DE RETROEXCAVADORA', 4, 76308960),
(1033750337, 'WILMER ', 'RIVERA LINARES', '', 'AGREGADOS TETUAN S.A.S. ADMINI', 'DELINEANTE DE INGENIER?A', 4, 80173670),
(1039691178, 'JHON HENRY', 'GOES RODRIGUEZ', '', 'AGREGADOS TETUAN S.A.S. PLANTA', 'AUXILIAR MEC?NICO', 4, 79261636),
(1048848128, 'CRISTHIAN FERNAN', 'CALDERON BERNAL', '', 'INGENIERIA DE VIAS S.A.S. CTO.', 'CONDUCTOR DE VOLQUETA DOBLE TR', 4, 79601202),
(1048849395, 'DIDHIER DARLEAY', 'GALINDO SOTO', '', 'INGENIERIA DE VIAS S.A.S. CTO.', 'CONDUCTOR DE VOLQUETA DOBLE TR', 4, 79601202),
(1049607284, 'MELCON YOHAN', 'PINEDA ROJAS', '', 'CONSORCIO VIAS DEL BICENTENARI', 'CONDUCTOR DE VOLQUETA DOBLE TR', 4, 7301726),
(1049609144, 'HERNAN ALFONSO', 'AGUIRRE GORDILLO', '', 'INGENIERIA DE VIAS S.A.S. CTO ', 'SECRETARIA', 4, 7301726),
(1049611177, 'DARWIN STIFF', 'GARAY FONSECA', '', 'CONSORCIO VIAS DEL BICENTENARI', 'INGENIERO AUXILIAR DE OBRA', 3, 7301726),
(1049613134, 'JHON ALEXANDER', 'MOLINA GIL', '', 'CONSORCIO VIAS DEL BICENTENARI', 'OPERADOR BULD?ZER', 4, 7301726),
(1049619839, 'EDWIN JULIAN', 'BARRETO ROJAS', '', 'INGENIERIA DE VIAS S.A.S. CTO ', 'AUXILIAR DE ALMAC?N', 4, 7301726),
(1049627335, 'YOLANDA ROCIO', 'HERNANDEZ SORA', '', 'INGENIERIA DE VIAS S.A.S. CTO ', 'ADMINISTRADOR DE OBRA', 3, 7301726),
(1049630363, 'JAVIER ANDRES', 'MORALES MORENO', '', 'EQUIPOS Y TRITURADOS SAS CTO. ', 'OPERADOR DE VIBRO-COMPACTADOR', 4, 79601202),
(1049633623, 'EFRAIN ', 'FONSECA LARGO', 'calidadcto1391@gmail.com', 'INGENIERIA DE VIAS S.A.S. CTO.', 'OPERADOR DE RETROEXCAVADORA', 4, 76314250),
(1049797177, 'DANIEL DAVID', 'ALFONSO PIRAQUIBE', '', 'INGENIERIA DE VIAS S.A.S. CTO.', 'CONDUCTOR DE VOLQUETA DOBLE TR', 4, 79601202),
(1051184750, 'NIDIA RAQUEL', 'GONZALEZ CASTILLO', '', 'CONSORCIO VIAS DEL BICENTENARI', 'ADMINISTRADOR DE OBRA', 3, 7301726),
(1051210127, 'YESSIKA YOLIMA', 'MOLINA GARAVITO', '', 'CONSORCIO VIAS DEL BICENTENARI', 'RESIDENTE SST', 3, 7301726),
(1051240586, 'YEISON GIOVANY', 'GOMEZ BAUTISTA', 'yegoba27@hotmail.com', 'AGREGADOS TETUAN S.A.S. PLANTA', 'LABORATORISTA', 4, 7174847),
(1052397296, 'JUAN PABLO', 'MACHUCA DEHAQUIZ', '', 'INGENIERIA DE VIAS S.A.S. CTO.', 'CADENERO I', 4, 13992606),
(1053302214, 'EDWIN ORLANDO', 'PEREZ LOPEZ', '', 'INGENIERIA DE VIAS S.A.S. CTO.', 'CADENERO I', 4, 13992606),
(1053329502, 'JOSE EDILSON', 'PINILLA TORRES', '', 'CONSORCIO VIAS DEL BICENTENARI', 'CONDUCTOR DE VOLQUETA DOBLE TR', 4, 7301726),
(1053559107, 'DIANA CAROLINA', 'CABALLERO ARIAS', 'ing.diana.caballero@hotmail.com', 'CONSORCIO VIAS DEL BICENTENARI', 'INGENIERO AUXILIAR DE OBRA', 3, 7301726),
(1053606881, 'YEFER ', 'SUAREZ HURTADO', '', 'INGENIERIA DE VIAS S.A.S. CTO.', 'CONDUCTOR DE VOLQUETA SENCILLA', 4, 13992606),
(1053607398, 'DIEGO ENRI', 'CASTELLANOS RODRIGUEZ', '', 'INGENIERIA DE VIAS S.A.S. CTO.', 'AUXILIAR DE LABORATORIO', 4, 13992606),
(1053607855, 'LUIS CARLOS', 'PEREZ MURCIA', '', 'AGREGADOS TETUAN S.A.S. PLANTA', 'MEC?NICO', 4, 7174847),
(1053608035, 'EDISSON SMITH', 'MARTINEZ SOSA', '', 'INGENIERIA DE VIAS S.A.S. CTO.', 'MAESTRO', 4, 13992606),
(1053609065, 'JUAN SEBASTIAN', 'FLOREZ GRANADOS', '', 'INGENIERIA DE VIAS S.A.S. CTO.', 'TOPOGRAFO INSPECTOR', 4, 13992606),
(1053614758, 'MIGUEL SANTIAGO', 'ALVAREZ PULIDO', '', 'CONSORCIO VIAS DEL BICENTENARI', 'CONDUCTOR DE VOLQUETA DOBLE TR', 4, 7301726),
(1053724224, 'JAIRO ALONSO', 'PERILLA ACOSTA', '', 'INGENIERIA DE VIAS S.A.S. CTO.', 'CONDUCTOR DE VOLQUETA DOBLE TR', 4, 79601202),
(1053724538, 'MIGUEL ANGEL', 'LOZANO MACIAS', '', 'INGENIERIA DE VIAS S.A.S. CTO.', 'CONDUCTOR DE VOLQUETA DOBLE TR', 4, 79601202),
(1053784766, 'YOHN EDISON', 'POLO GARZON', '', 'INGENIERIA DE VIAS S.A.S. CTO.', 'ESPECIALISTAS', 3, 79601202),
(1054555304, 'NEIDER ORLAND', 'GONZALEZ HERNANDEZ', '', 'CONSORCIO VIAS DEL META 2019 C', 'OPERADOR BARREDORA', 4, 6768479),
(1054678013, 'YENNY PAOLA', 'SUAREZ FORERO', '', 'CONSORCIO VIAS DEL BICENTENARI', 'SECRETARIA RECEPCIONISTA', 4, 7301726),
(1055690004, 'OLIVER ', 'RUBIO LOPEZ', '', 'AGREGADOS TETUAN S.A.S. PLANTA', 'CONDUCTOR DE VOLQUETA DOBLETRO', 4, 7174847),
(1056482624, 'HUBER UMALDO', 'DURAN DURAN', 'huberrduran@hotmail.com', 'CONSORCIO VIAS DEL BICENTENARI', 'OPERADOR DE RETROEXCAVADORA', 4, 7301726),
(1056482768, 'DIEGO ALEJA', 'GONZALEZ CASTELLANOS', '', 'CONSORCIO VIAS DEL BICENTENARI', 'OPERADOR DE RETROEXCAVADORA', 4, 7301726),
(1056482926, 'JHON FREDY', 'RODRIGUEZ SIERRA', '', 'INGENIERIA DE VIAS S.A.S. CTO.', 'CONDUCTOR DE VOLQUETA DOBLE TR', 4, 13992606),
(1056688345, 'PEDRO ELIAS', 'GOMEZ LOZANO', '', 'INGENIERIA DE VIAS S.A.S. CTO.', 'CONDUCTOR DE VOLQUETA DOBLE TR', 4, 79601202),
(1056799544, 'HECTOR DANILO', 'ATARA LAZO', 'danilotopo67@gmail.com', 'CONSORCIO VIAS DEL BICENTENARI', 'INGENIERO AUXILIAR DE OBRA', 3, 7301726),
(1056799624, 'JOSE EDILBERTO', 'MARTINEZ RUIZ', '', 'AGREGADOS TETUAN S.A.S. PLANTA', 'OPERADOR DE TRITURADORA', 4, 7174847),
(1056799897, 'EDNA JULIETH', 'GONZALEZ NEIRA', 'calidadplantalalibertad@gmail.com', 'INGENIERIA DE VIAS S.A.S. CTO.', 'ADMINISTRADOR DE OBRA', 3, 13992606),
(1056800042, 'JHON MAURICIO', 'RODRIGUEZ ESPINOSA', '', 'INGENIERIA DE VIAS S.A.S. CTO.', 'CONDUCTOR DE VEH?CULOS LIVIANO', 4, 79601202),
(1056800557, 'BREDY YESID', 'JIMENEZ RODRIGUEZ', 'calidadplantalalibertad@gmail.com', 'AGREGADOS TETUAN S.A.S. PLANTA', 'CONDUCTOR DE TRACTOMULA', 4, 7174847),
(1056801577, 'WILLIAM ELIECER', 'FAGUA LANCHEROS', 'fagua92423@hotmail.com', 'AGREGADOS TETUAN S.A.S. PLANTA', 'INGENIERO MEC?NICO', 3, 5881817),
(1056804883, 'EDISSON ZAMIR', 'VARGAS ATARA', '', 'INGENIERIA DE VIAS S.A.S. CTO.', 'AUXILIAR DE LABORATORIO', 4, 79601202),
(1056805043, 'BRAYAN IVAN', 'ATARA CASTIBLANCO', '', 'INGENIERIA DE VIAS S.A.S. CTO.', 'CADENERO', 4, 79601202),
(1056928111, 'JORGE ELIECER', 'ALARCON JIMENEZ', '', 'INGENIERIA DE VIAS S.A.S. ADMO', 'CONDUCTOR (GERENCIA GENERAL/ A', 4, 63324641),
(1056928704, 'RUBEN DARIO', 'PITA ESPITIA', 'pitin_88@hotmail.com   ', 'AGREGADOS TETUAN S.A.S. ADMINI', 'MEC?NICO', 4, 5885309),
(1057587411, 'SERVULO ANDRES', 'MACIAS BELLO', '', 'INGENIERIA DE VIAS S.A.S. CTO.', 'COORDINADOR SST', 3, 79601202),
(1057609458, 'JENNIFER DANIELA', 'CAMELO GUARIN', '', 'CONSORCIO VIAS DEL BICENTENARI', 'AUXILIAR DE LABORATORIO', 4, 7301726),
(1059363752, 'JUAN GABRIEL', 'BURBANO CORDOBA', '', 'INGENIERIA DE VIAS S.A.S. CTO ', 'CADENERO II', 4, 76308960),
(1059595565, 'JHON ALEXANDER', 'VIVAS CAMAYO', 'jhon.alex-87@hotmail.com ', 'INGENIERIA DE VIAS S.A.S. CTO ', 'TOPOGRAFO', 4, 76314250),
(1059902598, 'CARLOS FERNAND', 'ARBOLEDA BERMUDEZ', 'calidadcto1515@gmail.com', 'AGREGADOS TETUAN S.A.S. PLANTA', 'OPERADOR DE TRITURADORA', 4, 79261636),
(1059905490, 'ANA ISABEL', 'CORREA ROGALLEGA', '', 'INGENIERIA DE VIAS S.A.S. PLAN', 'AUXILIAR DE ALMAC?N', 4, 5822626),
(1059912655, 'CRISTIAM TITO', 'BERMUDEZ CALDERON', '', 'CONSORCIO VIAS Y EQUIPOS CUBAR', 'ALMACENISTA', 4, 13495606),
(1060804304, 'CHRISTIAN FELIPE', 'NAVIA TRUJILLO', '', 'INGENIERIA DE VIAS S.A.S. CTO ', 'CADENERO I', 4, 76314250),
(1060986148, 'LINCON YOBANY', 'OCAMPO PAPAMIJA', '', 'CONSORCIO INFRAESTRUCTURA VIAL', 'OPERADOR BOMBA DE INYECCION', 4, 5966465),
(1061016999, 'EDGAR YAMITH', '?A?EZ VARELA', '', 'INGENIERIA DE VIAS S.A.S. PLAN', 'OPERADOR DE FINISHER', 4, 5822626),
(1061017226, 'HERMIDES FABIO', 'LOPEZ ORTEGA', '', 'INGENIERIA DE VIAS S.A.S. CTO ', 'CONDUCTOR DE VOLQUETA DOBLE TR', 4, 76308960),
(1061018807, 'EIDER FELIPE', 'ANGULO VARGAS', '', 'INGENIERIA DE VIAS S.A.S. PLAN', 'AUXILIAR DE LABORATORIO', 4, 5822626),
(1061019167, 'JAIRO HERNAN', 'GAMBOA BOLA?OS', 'calidadcto1515@gmail.com', 'INGENIERIA DE VIAS S.A.S.CTO 1', 'BI?LOGO', 3, 76314250),
(1061020207, 'ALEXANDER ', 'BALANTA SANCHEZ', '', 'AGREGADOS TETUAN S.A.S. PLANTA', 'OPERADOR DE B?SCULA', 4, 5822626),
(1061221136, 'JORGE ARMANDO', 'ORTEGA OL', '', 'INGENIERIA DE VIAS S.A.S. CTO ', 'CADENERO I', 4, 76314250),
(1061598209, 'JOSE EDISON', 'MENESES ROJAS', '', 'INGENIERIA DE VIAS S.A.S. CTO ', 'OPERADOR PERFORADORA HIDRAULIC', 4, 76314250),
(1061599099, 'JUAN GABRIEL', 'PAZ CORTES', '', 'INGENIERIA DE VIAS S.A.S. CTO ', 'OPERADOR PERFORADORA HIDRAULIC', 4, 76314250),
(1061687768, 'JHONATAN IVAN', 'SOLARTE BASTIDAS', '', 'INGENIERIA DE VIAS S.A.S. CTO ', 'CONDUCTOR DE VOLQUETA DOBLE TR', 4, 76308960),
(1061698759, 'ANDRES FELIPE', 'SALAZAR ARIAS', '', 'INGENIERIA DE VIAS S.A.S. CTO.', 'RESIDENTE SST', 3, 13842350),
(1061699303, 'YURANNI ALEJANDRA', 'RIVERA PEREZ', '', 'CONSORCIO VIAS Y EQUIPOS CANDE', 'LABORATORISTA', 4, 89006321),
(1061700207, 'ADOLFO ', 'HERNANDEZ REALPE', '', 'AGREGADOS TETUAN S.A.S. PLANTA', 'AUXILIAR MEC?NICO', 4, 5822626),
(1061710124, 'ANGIE ELIANA', 'CHILITO GARZON', '', 'INGENIERIA DE VIAS S.A.S. CTO ', 'RESIDENTE SST', 3, 76314250),
(1061710362, 'CLAUDIA MERCEDES', 'VALDES CHECA', '', 'INGENIERIA DE VIAS S.A.S.CTO 1', 'AUXILIAR ADMINISTRATIVO EN OBR', 4, 76314250),
(1061713662, 'SIRLENA ', 'MEDINA PLAZA', 'sir2311@hotmail.com', 'INGENIERIA DE VIAS S.A.S. CTO ', 'RESIDENTE AMBIENTAL', 3, 76314250),
(1061714740, 'ALEXANDER ', 'ARIAS VELASCO', '', 'INGENIERIA DE VIAS S.A.S. CTO ', 'OPERADOR EXCAVADORA', 4, 76314250),
(1061715343, 'FAIBER DARIO', 'HOYOS QUI?ONES', 'calidadcto1515@gmail.com', 'AGREGADOS TETUAN S.A.S. PLANTA', 'CONDUCTOR DE MIXER', 4, 79261636),
(1061727488, 'JULIAN DAVID', 'CAICEDO RENDON', '', 'INGENIERIA DE VIAS S.A.S.CTO 1', 'CONDUCTOR DE VEH?CULOS LIVIANO', 4, 76314250),
(1061731935, 'JUAN DAVID', 'SOTELO DIAZ', 'juand918@hotmail.com', 'INGENIERIA DE VIAS S.A.S.CTO 1', 'INGENIERO DE DISE?O', 3, 76314250),
(1061736464, 'ANDRES FELIPE', 'RAMIREZ PIEDRAHITA', 'af192@live.com', 'AGREGADOS TETUAN S.A.S. PLANTA', 'MEC?NICO', 4, 79261636),
(1061748909, 'JOHNNY ANDERSON', 'MONTOYA DUQUE', '', 'INGENIERIA DE VIAS S.A.S. CTO ', 'CONDUCTOR DE VEH?CULOS LIVIANO', 4, 76314250),
(1061750594, 'DANI DAVID', 'LEGARDA ESPA?A', '', 'INGENIERIA DE VIAS S.A.S. CTO ', 'CONDUCTOR DE VOLQUETA SENCILLA', 4, 76308960),
(1061755167, 'EDUARDO ', 'OROZCO GOMEZ', '', 'INGENIERIA DE VIAS S.A.S. CTO ', 'OPERADOR DE RETROEXCAVADORA', 4, 76314250),
(1061772217, 'GABRIEL EDUARDO', 'MU?OZ MU?OZ', '', 'CONSORCIO VIAS Y EQUIPOS CUBAR', 'OPERADOR BOMBA DE CONCRETO', 4, 13495606),
(1061772906, 'WEIMAR ', 'MAYORCA TORRES', '', 'INGENIERIA DE VIAS S.A.S. CTO ', 'RESIDENTE CONTROL SINCO CONSTR', 3, 76314250),
(1061787781, 'JONIER DANILO', 'MURILLO CAMAYO', '', 'INGENIERIA DE VIAS S.A.S.CTO 1', 'AUXILIAR ADMINISTRATIVO EN OBR', 4, 76314250),
(1061789662, 'LUISA FERNANDA', 'MANQUILLO SANCHEZ', 'manquillof@gmail.com', 'AGREGADOS TETUAN S.A.S. PLANTA', 'AUXILIAR DE COSTOS', 4, 79261636),
(1061987284, 'LUIS HERNANDO', 'PIPICANO RUIZ', '', 'INGENIERIA DE VIAS S.A.S. CTO ', 'CONDUCTOR DE VOLQUETA SENCILLA', 4, 76308960),
(1062774165, 'DIVAR JAIR', 'ANDRADE CAMAYO', '', 'AGREGADOS TETUAN S.A.S. PTA14 ', 'OPERADOR MINICARGADOR', 4, 12981407),
(1063811078, 'FREDY FERNANDO', 'MU?OZ RUIZ', '', 'INGENIERIA DE VIAS S.A.S. CTO ', 'CONDUCTOR DE VOLQUETA SENCILLA', 4, 76308960),
(1064711510, 'DIEGO ', 'PIRANEQUE ROJAS', '', 'CONSORCIO VIAS DEL BICENTENARI', 'LIGUERO', 4, 7301726),
(1068658126, 'FERNANDO ANTONIO', 'SAEZ FUENTES', '', 'AGREGADOS TETUAN S.A.S. PLANTA', 'AUXILIAR DE LABORATORIO', 4, 4888122),
(1069258030, 'NELSON STEVEN', 'RODRIGUEZ CALDERON', 'jsanchez@ingenieriadevias.com.co', 'AGREGADOS TETUAN S.A.S. ADMINI', 'OPERADOR TELEHANDLER', 4, 5885309),
(1070923850, 'DAYANA ALEJANDRA', 'FORERO FUQUENE', '', 'INGENIERIA DE VIAS S.A.S. CTO.', 'RESIDENTE DE CALIDAD', 3, 79601202),
(1070946926, 'JUAN CAMILO', 'NOCUA CASTIBLANCO', '', 'AGREGADOS TETUAN S.A.S. PLANTA', 'OPERADOR DE RETROEXCAVADORA', 4, 79261636),
(1070958648, 'FRANCISCO ALONSO', 'GALVIZ GARZON', '', 'AGREGADOS TETUAN S.A.S. PLANTA', 'OPERADOR DUMPER', 4, 7174847),
(1072748003, 'DANIEL ANDRES', 'HERRERA VARGAS', 'dhv91@hotmail.com', 'CONSORCIO VIAS DEL META 2019 P', 'OPERADOR CARGADOR', 4, 14296531),
(1073383222, 'DAYRON CAMILO', 'CA?ON RODRIGUEZ', '', 'CONSORCIO VIAS DEL BICENTENARI', 'OPERADOR DE VIBRO-COMPACTADOR', 4, 7301726),
(1073675380, 'EDILSON GONZALO', 'MONTA?EZ NOVOA', '', 'INGENIERIA DE VIAS S.A.S. CTO.', 'OPERADOR DE RETROCARGADOR', 4, 76314250),
(1073679772, 'ALEXIS ', 'ALBARRACIN HUERTAS', '', 'INGENIERIA DE VIAS S.A.S. CTO.', 'CADENERO', 4, 79601202),
(1076818740, 'LEYSON ', 'RIVAS CHALA', '', 'INGENIERIA DE VIAS S.A.S. CTO.', 'OPERADOR DE RETROEXCAVADORA', 4, 79601202),
(1079179927, 'LAURA MARCELA', 'ROJAS QUINTERO', '', 'EQUIPOS Y TRITURADOS SAS ADMIN', 'INGENIERO DE LICITACIONES', 3, 1018413161),
(1079410718, 'ANA MILENA', 'OME VARGAS', '', 'INGENIERIA DE VIAS S.A.S. CTO ', 'RESIDENTE SOCIAL', 3, 76308960),
(1080903052, 'DUBAN ARLEY', 'AULLON DIAZ', '', 'INGENIERIA DE VIAS S.A.S. CTO.', 'CONDUCTOR DE VOLQUETA SENCILLA', 4, 76314250),
(1081399488, 'YOBANNY ', 'HUILA SANCHEZ', '', 'INGENIERIA DE VIAS S.A.S. CTO ', 'CONDUCTOR DE CARROTANQUE', 4, 76308960),
(1085263256, 'DEISY SORAID', 'PALACIOS MONTENEGRO', '', 'INGENIERIA DE VIAS S.A.S. CTO.', 'RESIDENTE AMBIENTAL', 3, 12981407),
(1085276921, 'JOHN JAIRO', 'CHACHINOY YANGUATIN', '', 'INGENIERIA DE VIAS S.A.S. CTO ', 'CONDUCTOR DE VOLQUETA DOBLE TR', 4, 76308960),
(1085312658, 'ANGIE ALEJANDRA', 'PAREDES PANTOJA', '', 'INGENIERIA DE VIAS S.A.S. CTO.', 'RESIDENTE SST', 3, 12981407),
(1086894535, 'CARLOS ALBEIRO', 'PORTILLA ERAZO', 'calidadplantagabriellopez@gmail.com', 'INGENIERIA DE VIAS S.A.S. CTO ', 'OPERADOR CARGADOR', 4, 76308960),
(1087410938, 'DIEGO BERNARDO', 'PANTOJA BOLA?OS', '', 'AGREGADOS TETUAN S.A.S. PTA14 ', 'ALMACENISTA', 4, 12981407),
(1088278025, 'JORGE LEONARDO', 'HURTADO ROMERO', 'jhurtado@ingenieriadevias.com.co', 'INGENIERIA DE VIAS S.A.S. ADMO', 'INGENIERO MEC?NICO', 4, 5881817),
(1089289870, 'CARLOS EFRAIN', 'MOLINA RODRIGUEZ', 'caliche1429@hotmail.com', 'INGENIERIA DE VIAS S.A.S. CTO ', 'OPERADOR DE RETROEXCAVADORA', 4, 76314250),
(1089482907, 'DIEGO ALEXAND', 'BUESAQUILLO URBANO', '', 'AGREGADOS TETUAN S.A.S. PTA14 ', 'CONDUCTOR DE MIXER', 4, 12981407),
(1089483034, 'JHON DEIVY', 'MONTERO BRAVO', '', 'INGENIERIA DE VIAS S.A.S. CTO ', 'CONDUCTOR DE VOLQUETA DOBLE TR', 4, 76314250),
(1093765274, 'WILLIAM ORLANDO', 'REQUINIVA TORRES', '', 'AGREGADOS TETUAN S.A.S. ADMINI', 'INGENIERO DE SOPORTE TECNICO', 3, 5881817),
(1094906520, 'LUZ ENITH', 'RODRIGUEZ JIMENEZ', '', 'CONSORCIO VIAS Y EQUIPOS CANDE', 'RESIDENTE SOCIAL', 3, 89006321),
(1094959069, 'EDGARD FERNEY', 'OLARTE CARRANZA', '', 'CONSORCIO VIAS Y EQUIPOS 2017 ', 'AUXILIAR DE ALMAC?N', 4, 15504291),
(1095929538, 'MICHAEL STIVEN', 'BURGOS VILLAMIZAR', '', 'INGENIERIA DE VIAS S.A.S. PLAN', 'AUXILIAR DE LABORATORIO', 4, 79743048),
(1095933480, 'SONIA LUZ', 'BLANCO CASTILLO', '', 'CONSORCIO VIAS Y EQUIPOS 2015 ', 'RESIDENTE DE CALIDAD', 3, 13842350),
(1095944454, 'FREDY ', 'CALDERON RUEDA', '', 'CONSORCIO VIAS Y EQUIPOS 2017 ', 'CONDUCTOR DE CARROTANQUE', 4, 15504291),
(1096034850, 'BREINER FABIAN', 'VELASQUEZ CAMARGO', '', 'AGREGADOS TETUAN S.A.S. PLANTA', 'OPERADOR PLANTA DE ASFALTO', 4, 7174847),
(1096906140, 'JOHN FREDY', 'RODRIGUEZ MORALES', '', 'CONSORCIO VIAS Y EQUIPOS 2015 ', 'OPERADOR DE RETROEXCAVADORA', 4, 13842350),
(1096954113, 'MARIA ANGELICA', 'ROJAS VARGAS', '', 'INGENIERIA DE VIAS S.A.S. ADMO', 'AUXILIAR DE TESORER?A', 4, 52336273),
(1097033773, 'MIGUEL ANGEL', 'MARULANDA ALZATE', '', 'AGREGADOS TETUAN S.A.S. PLANTA', 'OPERADOR DUMPER', 4, 7174847),
(1097332513, 'EDER LEONARDO', 'PE?A PARDO', '', 'AGREGADOS TETUAN S.A.S. ADMINI', 'INGENIERO MEC?NICO', 3, 5881817),
(1097638786, 'JULIAN DAVID', 'CADENA VELASCO', '', 'AGREGADOS TETUAN S.A.S. PLANTA', 'INGENIERO MEC?NICO', 3, 5881817),
(1097991095, 'DEYNER ', 'TAVERA SANTAMARIA', '', 'CONSORCIO VIAS DEL BICENTENARI', 'OPERADOR DE VIBRO-COMPACTADOR', 4, 7301726),
(1097992176, 'YERLING ALONSO', 'CUBIDES PALOMINO', '', 'EQUIPOS Y TRITURADOS SAS ADMIN', 'CONDUCTOR (GERENCIA GENERAL/ A', 4, 63324641),
(1098643932, 'JEFERSON FABIAN', 'ROLON NI?O', '', 'CONSORCIO VIAS Y EQUIPOS CANDE', 'OPERADOR DE RETROEXCAVADORA', 4, 89006321),
(1098696055, 'DANIEL FRANCISCO', 'QUINTERO MARINO', '', 'CONSORCIO VIAS Y EQUIPOS 2017 ', 'MEC?NICO', 4, 15504291),
(1098719773, 'MARIA FERNAND', 'MALDONADO MARTINEZ', '', 'INGENIERIA DE VIAS S.A.S. CTO.', 'RESIDENTE AMBIENTAL', 3, 13992606),
(1098727468, 'SILVIA JULIANA', 'CAMACHO JAIMES', '', 'INGENIERIA DE VIAS S.A.S.CTO. ', 'RESIDENTE AMBIENTAL', 3, 13842350),
(1099203758, 'EDINSON JAVIER', 'VARGAS CRISTANCHO', 'calidadplantaloscocos@gmail.com', 'AGREGADOS TETUAN S.A.S. PLANTA', 'OPERADOR DUMPER', 4, 7174847),
(1099204330, 'JAIRO ANDRES', 'CHACON CASTILLO', 'jairoachaconc@gmail.com', 'CONSORCIO VIAS Y EQUIPOS 2015 ', 'TOPOGRAFO INSPECTOR', 4, 13842350),
(1099204479, 'EDGAR ALFONSO', 'PORRAS CASAS', '', 'AGREGADOS TETUAN S.A.S. ADMINI', 'CONDUCTOR DE TRACTOMULA', 4, 5885309),
(1099205010, 'JOSE LUIS', 'PINZON GIL', '', 'AGREGADOS TETUAN S.A.S. PLANTA', 'INGENIERO MEC?NICO', 3, 5881817),
(1099206806, 'MONICA VIVIANA', 'GORDILLO CAMELO', 'moni_251@hotmail.com', 'AGREGADOS TETUAN S.A.S. PLANTA', 'RESIDENTE DE CALIDAD', 3, 7174847),
(1099207340, 'WILSON ', 'VILLAMIL AGUILAR', '', 'AGREGADOS TETUAN S.A.S. PLANTA', 'CONDUCTOR DE CARROTANQUE', 4, 28951310),
(1099209135, 'JHONATAN JULIAN', 'MARIN MARIN', '', 'CONSORCIO VIAS Y EQUIPOS 2017 ', 'TOPOGRAFO INSPECTOR', 4, 15504291),
(1099545027, 'EDGAR ', 'BONILLA ORTIZ', 'edgarbonillaortiz.12@gmail.com', 'AGREGADOS TETUAN S.A.S. PLANTA', 'OPERADOR DE CARGADOR', 4, 28951310),
(1099545079, 'JOAN ANDRES', 'ALZATE LONDO?O', 'calidadplantalassenoritas@gmail.com', 'AGREGADOS TETUAN S.A.S. PLANTA', 'OPERADOR PLANTA DE CONCRETO', 4, 4888122),
(1099545832, 'JOSE DAVID', 'HERRE?O HERNANDEZ', 'calidadctocimitarra@gmail.com', 'AGREGADOS TETUAN S.A.S. PLANTA', 'OPERADOR DE TRITURADORA', 4, 28951310),
(1099546312, 'HAMINTON ', 'ARIAS MURCIA', '', 'CONSORCIO VIAS DEL BICENTENARI', 'RESIDENTE DE CALIDAD', 3, 7301726),
(1099546400, 'JHON JEIMAR', 'PARDO HERNANDEZ', '', 'CONSORCIO INFRAESTRUCTURA VIAL', 'CADENERO', 4, 5966465),
(1099549376, 'ROSEMBERG ', 'GUALDRON RESTREPO', '', 'AGREGADOS TETUAN S.A.S. PLANTA', 'AUXILIAR ADMINISTRATIVO EN OBR', 4, 28951310),
(1099550192, 'EDUARD HUMBERTO', 'PARDO DIAZ', '', 'AGREGADOS TETUAN S.A.S. PLANTA', 'AUXILIAR DE LABORATORIO', 4, 28951310),
(1100953043, 'MAYRA ALEJAND', 'HERNANDEZ BAUTISTA', '', 'CONSORCIO VIAS DEL BICENTENARI', 'RESIDENTE AMBIENTAL', 3, 7301726),
(1101688418, 'CARLOS MAURICIO', 'CALA FLOREZ', 'calidadplantaloscocos@gmail.com', 'INGENIERIA DE VIAS S.A.S. CONC', 'AUXILIAR SOCIO PREDIAL', 4, 79601202),
(1101689882, 'XIOMARA ', 'GIL ESTEVEZ', '', 'CONSORCIO VIAS Y EQUIPOS 2017 ', 'RESIDENTE AMBIENTAL', 3, 15504291),
(1101690029, 'ANDRES YESID', 'GONZALEZ BUENO', 'ambientalcto.1261@gmail.com', 'INGENIERIA DE VIAS S.A.S. CTO.', 'RESIDENTE AMBIENTAL', 3, 79601202),
(1101756339, 'WILBER GUSTAVO', 'DIAZ BARRERA', '', 'CONSORCIO VIAS Y EQUIPOS 2015 ', 'CONDUCTOR DE VOLQUETA SENCILLA', 4, 13842350),
(1101757724, 'CRISTIAN JAVIER', 'GONZALEZ ANGULO', '', 'CONSORCIO VIAS Y EQUIPOS 2015 ', 'ALMACENISTA', 4, 13842350),
(1101758052, 'LAURA CRISTI', 'HERNANDEZ HERNANDEZ', 'lauhernandezh@hotmail.com', 'CONSORCIO VIAS Y EQUIPOS 2015 ', 'AUXILIAR ADMINISTRATIVO EN OBR', 4, 13842350),
(1102379375, 'DARY MARCELA', 'ESPINOSA RIVERA', '', 'CONSORCIO VIAS Y EQUIPOS 2017 ', 'INGENIERO AUXILIAR DE OBRA', 3, 15504291),
(1102717277, 'EDINSON ', 'RUEDA OLARTE', '', 'CONSORCIO VIAS Y EQUIPOS 2017 ', 'CONDUCTOR DE CARROTANQUE', 4, 15504291),
(1102719000, 'JOSE DIDIER', 'BELTRAN MARTINEZ', '', 'CONSORCIO VIAS DEL BICENTENARI', 'CONDUCTOR DE VOLQUETA DOBLE TR', 4, 7301726),
(1102720549, 'ZULEYMA KATERINE', 'MARTINEZ URIBE', '', 'INGENIERIA DE VIAS S.A.S. PLAN', 'RESIDENTE DE CALIDAD', 3, 4888122),
(1102802693, 'DIEGO ARMANDO', 'RAMOS HERNANDEZ', '', 'INGENIERIA DE VIAS S.A.S. ADMO', 'AUXILIAR DE LABORATORIO', 4, 7174847),
(1105611361, 'SANDY LORENA', 'VARGAS CRISTANCHO', 'robcard17@hotmail.com', 'CONSORCIO VIAS DEL BICENTENARI', 'TOPOGRAFO INSPECTOR', 4, 7301726),
(1106769786, 'JAIME ARMANDO', 'TRUJILLO CERQUERA', '', 'AGREGADOS TETUAN S.A.S. PLANTA', 'CONDUCTOR DE VOLQUETA DOBLETRO', 4, 4888122),
(1106769793, 'YEISSON FREDY', 'VAQUIRO VISCAYA', '', 'CONSORCIO VIAS Y EQUIPOS CANDE', 'MEC?NICO', 4, 89006321),
(1106775102, 'ERIS ALFONSO', 'BARRAGAN TOVAR', 'calidadplantalassenoritas@gmail.com', 'AGREGADOS TETUAN S.A.S. PLANTA', 'OPERADOR DE CARGADOR', 4, 7174847),
(1106776662, 'ANDRES FELIPE', 'MARTINEZ MENDEZ', '', 'AGREGADOS TETUAN S.A.S. PLANTA', 'OPERADOR RETROCARGADOR', 4, 5966465),
(1106779610, 'CRISTIAN ANDRES', 'BONILLA CONDE', '', 'AGREGADOS TETUAN S.A.S. PLANTA', 'AUXILIAR DE LABORATORIO', 4, 1110452148),
(1106779707, 'JEISSON LEONAR', 'RODRIGUEZ VAQUIRO', '', 'AGREGADOS TETUAN S.A.S. PLANTA', 'CONDUCTOR DE VEH?CULOS LIVIANO', 4, 7174847),
(1106782695, 'EDINSSON ANDRES', 'BRI?EZ OVIEDO', 'calidadcto1391@gmail.com', 'AGREGADOS TETUAN S.A.S. PLANTA', 'OPERADOR DE TRITURADORA', 4, 4888122),
(1106783101, 'JOHAN FERNAND', 'MENDOZA SANTOFIMIO', '', 'AGREGADOS TETUAN S.A.S. PLANTA', 'CONDUCTOR DE VOLQUETA DOBLETRO', 4, 1110452148),
(1106784205, 'HAROLD AUGUSTO', 'ROMERO GUZMAN', '', 'CONSORCIO VIAS DEL META 2019 P', 'CONDUCTOR DE CARROTANQUE', 4, 14296531),
(1106784765, 'DANIEL FELIPE', 'SANCHEZ VERA', '', 'INGENIERIA DE VIAS S.A.S. CTO.', 'ALMACENISTA', 4, 13992606),
(1106785059, 'FLOR ANGELA', 'BARRETO POLOCHE', 'barretoangela13@hotmail.com', 'CONSORCIO VIAS Y EQUIPOS SAN O', 'AUXILIAR ADMINISTRATIVO', 4, 71625272),
(1108830791, 'ROMULO ', 'ANIMERO LUGO', '', 'AGREGADOS TETUAN S.A.S. PLANTA', 'ALMACENISTA', 4, 1110452148),
(1108833445, 'LILIAN DAMARIS', 'GUALTEROS RINCON', 'lgualteros@ingenieriadevias.com.co', 'INGENIERIA DE VIAS S.A.S. CTO.', 'RESIDENTE CONTROL SINCO CONSTR', 3, 79601202),
(1108833516, 'JOHN EDWIN', 'ANIMERO ROJAS', 'manttoplantaataco@yahoo.es', 'CONSORCIO VIAS DEL META 2019 P', 'ALMACENISTA', 4, 14296531),
(1109381317, 'EDINSON ', 'AVILA BARRERO', '', 'AGREGADOS TETUAN S.A.S. PLANTA', 'OPERADOR PLANTA DE ASFALTO', 4, 1110452148),
(1109383483, 'OSCAR FIDEL', 'RICO LEAL', '', 'INGENIERIA DE VIAS S.A.S. CTO.', 'CONDUCTOR DE VEH?CULOS LIVIANO', 4, 13992606),
(1109383620, 'LUIS ALFONSO', 'LOZANO LOZANO', '', 'AGREGADOS TETUAN S.A.S. PLANTA', 'RESIDENTE SST', 3, 7174847),
(1109414952, 'ARITZARMAN ', 'MENDOZA GALEANO', '', 'AGREGADOS TETUAN S.A.S. PLANTA', 'ELECTRICISTA', 4, 4888122),
(1109494467, 'DIEGO ALEJANDRO', 'MONTA?A FLOREZ', 'calidadplantaloscocos@gmail.com', 'AGREGADOS TETUAN S.A.S. PLANTA', 'OPERADOR DE B?SCULA', 4, 4888122),
(1110172017, 'MARIO ', 'BRI?EZ OVIEDO', '', 'AGREGADOS TETUAN S.A.S. ADMINI', 'AUXILIAR MEC?NICO', 4, 5885309),
(1110452148, 'CRISTIAN CAMILO', 'CONTECHA BELTRAN', 'cccb36@hotmail.com', 'INGENIERIA DE VIAS S.A.S. PLAN', 'JEFE DE PLANTA', 2, 5881817),
(1110477255, 'JOSE AGUSTIN', 'CEDANO JIMENEZ', 'joseagustincedanojimenez@yahoo.com.co', 'INGENIERIA DE VIAS S.A.S. CTO.', 'ALMACENISTA', 4, 79601202),
(1110499220, 'JUAN SEBASTIAN', 'SERNA ORTIZ', '', 'CONSORCIO VIAS Y EQUIPOS CUBAR', 'TOPOGRAFO', 4, 13495606),
(1110506075, 'DANIEL FELIPE', 'GUARNIZO OSPINA', 'calidadcto573@gmail.com', 'CONSORCIO VIAS Y EQUIPOS 2017 ', 'ALMACENISTA', 4, 15504291),
(1110520626, 'ANGELA JOHANNA', 'LONDO?O GARCIA', '', 'CONSORCIO VIAS DEL BICENTENARI', 'ANALISTA CONTABLE', 3, 41689648),
(1110546128, 'PAOLA ANDREA', 'GOMEZ GARCIA', '', 'CONSORCIO VIAS DEL META 2019 C', 'AUXILIAR DE COSTOS', 4, 6768479),
(1110562215, 'NELSON IVAN', 'SALCEDO QUI?ONEZ', '', 'INGENIERIA DE VIAS S.A.S. PLAN', 'CONDUCTOR DE VEH?CULOS LIVIANO', 4, 1110452148),
(1110563190, 'SEBASTIAN CIPRI', 'CONTECHA BELTRAN', '', 'INGENIERIA DE VIAS S.A.S. ADMO', 'AUXILIAR AMBIENTAL', 4, 27983910),
(1113525810, 'CRISTIAN FERNANDO', 'ORTIZ MINA', '', 'CONSORCIO VIAS Y EQUIPOS CANDE', 'CONDUCTOR DE VEH?CULOS LIVIANO', 4, 89006321),
(1113534623, 'VICTOR ALFONSO', 'ROJAS GUTIERREZ', '', 'CONSORCIO VIAS Y EQUIPOS CANDE', 'CONDUCTOR DE VEH?CULOS LIVIANO', 4, 89006321),
(1115186849, 'FABER ANDRES', 'MATEUS MARIN', 'calidadplantaolaya@gmail.com', 'CONSORCIO VIAS DEL META 2019 P', 'OPERADOR DE TRITURADORA', 4, 14296531),
(1115188982, 'MAYCOL URI', 'HERNANDEZ CASTIBLANCO', 'calidadcto1326@gmail.com', 'CONSORCIO VIAS DEL META 2019 C', 'OPERADOR EXCAVADORA', 4, 6768479),
(1115189695, 'NAYIRIS SIRLEY', 'BALCAZAR ROMERO', '', 'CONSORCIO VIAS Y EQUIPOS CANDE', 'SECRETARIA', 4, 89006321),
(1115911526, 'JOHAN MAURICIO', 'MARTINEZ MARTINEZ', 'calidadcto936@gmail.com', 'CONSORCIO VIAS DEL META 2019 C', 'OPERADOR EXCAVADORA', 4, 6768479),
(1117518260, 'LUIS EDUARDO', 'RIOS PE?A', '', 'CONSORCIO VIAS Y EQUIPOS 2015 ', 'OPERADOR DE MOTONIVELADORA', 4, 13842350),
(1118200034, 'MAICOL ESNEYDER', 'FARFAN BARAHONA', '', 'INGENIERIA DE VIAS S.A.S. CTO.', 'DELINEANTE DE INGENIER?A', 4, 13992606),
(1118289418, 'DIEGO FERNANDO', 'RIOS JIMENEZ', '', 'AGREGADOS TETUAN S.A.S. PLANTA', 'SOLDADOR', 4, 16709247),
(1121147760, 'JOHN EDWAR', 'GONZALEZ PINILLO', '', 'CONSORCIO VIAS Y EQUIPOS CUBAR', 'OPERADOR DE RETROEXCAVADORA', 4, 13495606),
(1121826116, 'LAURENT YURLEY', 'ASTROZ GOMEZ', '', 'CONSORCIO VIAS Y EQUIPOS CUBAR', 'RESIDENTE AMBIENTAL', 3, 13495606),
(1121848880, 'ROCIO ', 'ACOSTA CORREDOR', '', 'INGENIERIA DE VIAS S.A.S. ADMO', 'ENFERMERA', 4, 52084119),
(1121853243, 'LUISA FERNANDA', 'AGUILAR MORENO', '', 'CONSORCIO VIAS Y EQUIPOS CUBAR', 'RESIDENTE SOCIAL', 3, 13495606),
(1121864318, 'ZAIDY JOHANNA', 'TIAFFI ESCOBAR', '', 'CONSORCIO VIAS DEL BICENTENARI', 'RESIDENTE DE CALIDAD', 3, 7301726),
(1121871813, 'PABLO ANDRES', 'BUITRAGO LINARES', '', 'INGENIERIA DE VIAS S.A.S. ADMO', 'MEC?NICO', 4, 5885309),
(1121888808, 'EMMANUEL FELIPE', 'REY ALAYON', '', 'CONSORCIO VIAS DEL META 2019 C', 'RESIDENTE SST', 3, 6768479),
(1131084248, 'JESUS IVAN', 'BASTIDAS NARVAEZ', '', 'INGENIERIA DE VIAS S.A.S. CTO.', 'CONDUCTOR DE VOLQUETA SENCILLA', 4, 12981407),
(1143839471, 'RODRIGO ', 'LEAL GUANCHA', '', 'CONSORCIO VIAS Y EQUIPOS CANDE', 'TOPOGRAFO', 4, 89006321),
(1144049324, 'MAURICIO ', 'CORREA GIRALDO', '', 'CONSORCIO VIAS Y EQUIPOS CANDE', 'TOPOGRAFO', 4, 89006321);

-- --------------------------------------------------------

--
-- Estructura de tabla para la tabla `resultado_estrategica_respuestas`
--

CREATE TABLE `resultado_estrategica_respuestas` (
  `Id` int(11) NOT NULL,
  `idevaluado` int(11) NOT NULL,
  `idconsultor` int(11) NOT NULL,
  `pre1` decimal(4,1) NOT NULL,
  `pre2` decimal(4,1) NOT NULL,
  `pre3` decimal(4,1) NOT NULL,
  `pre4` decimal(4,1) NOT NULL,
  `pre5` decimal(4,1) NOT NULL,
  `pre6` decimal(4,1) NOT NULL,
  `pre7` decimal(4,1) NOT NULL,
  `pre8` decimal(4,1) NOT NULL,
  `pre9` decimal(4,1) NOT NULL,
  `pre10` decimal(4,1) NOT NULL,
  `pre11` decimal(4,1) NOT NULL,
  `pre12` decimal(4,1) NOT NULL,
  `pre13` decimal(4,1) NOT NULL,
  `pre14` decimal(4,1) NOT NULL,
  `pre15` decimal(4,1) NOT NULL,
  `pre16` decimal(4,1) NOT NULL,
  `pre17` decimal(4,1) NOT NULL,
  `pre18` decimal(4,1) NOT NULL,
  `pre19` decimal(4,1) NOT NULL,
  `pre20` decimal(4,1) NOT NULL,
  `pre21` decimal(4,1) NOT NULL,
  `pre22` decimal(4,1) NOT NULL,
  `pre23` decimal(4,1) NOT NULL,
  `pre24` decimal(4,1) NOT NULL,
  `pre25` decimal(4,1) NOT NULL,
  `pre26` decimal(4,1) NOT NULL,
  `pre27` decimal(4,1) NOT NULL,
  `pre31` varchar(200) NOT NULL,
  `pre32` varchar(200) NOT NULL
) ENGINE=InnoDB DEFAULT CHARSET=utf8mb4;

-- --------------------------------------------------------

--
-- Estructura de tabla para la tabla `resultado_estrategico`
--

CREATE TABLE `resultado_estrategico` (
  `id` int(11) NOT NULL,
  `idIdentificacion` int(11) NOT NULL,
  `idIdentificacionConsultor` int(20) NOT NULL,
  `FechaEvaluacion` date NOT NULL,
  `Gestion_Desarrollo` decimal(4,1) NOT NULL,
  `Ges_Financiera` decimal(4,1) NOT NULL,
  `Orientacion_Res` decimal(4,1) NOT NULL,
  `AdaptabilidadC` decimal(4,1) NOT NULL,
  `SGC` decimal(4,1) NOT NULL,
  `SIndust_SaOcupa` decimal(4,1) NOT NULL,
  `TOTAL` decimal(4,1) NOT NULL
) ENGINE=InnoDB DEFAULT CHARSET=utf8 COLLATE=utf8_unicode_ci;

-- --------------------------------------------------------

--
-- Estructura de tabla para la tabla `resultado_operativo`
--

CREATE TABLE `resultado_operativo` (
  `id` int(11) NOT NULL,
  `idIdentificacion` int(11) NOT NULL,
  `idIdentificacionConsultor` int(20) NOT NULL,
  `FechaEvaluacion` date NOT NULL,
  `Ex_Operaciona` decimal(4,1) NOT NULL,
  `Ges_Recursos` decimal(4,1) NOT NULL,
  `Adap_Cambio` decimal(4,1) NOT NULL,
  `Or_Resultados` decimal(4,1) NOT NULL,
  `SGC` decimal(4,1) NOT NULL,
  `SIndust_SaOcupa` decimal(4,1) NOT NULL,
  `TOTAL` decimal(4,1) NOT NULL
) ENGINE=InnoDB DEFAULT CHARSET=utf8 COLLATE=utf8_unicode_ci;

-- --------------------------------------------------------

--
-- Estructura de tabla para la tabla `resultado_operativo_respuestas`
--

CREATE TABLE `resultado_operativo_respuestas` (
  `id` int(11) NOT NULL,
  `idEvaluado` int(11) NOT NULL,
  `idCosultor` int(11) NOT NULL,
  `pre1` decimal(4,1) NOT NULL,
  `pre2` decimal(4,1) NOT NULL,
  `pre3` decimal(4,1) NOT NULL,
  `pre4` decimal(4,1) NOT NULL,
  `pre5` decimal(4,1) NOT NULL,
  `pre6` decimal(4,1) NOT NULL,
  `pre7` decimal(4,1) NOT NULL,
  `pre8` decimal(4,1) NOT NULL,
  `pre9` decimal(4,1) NOT NULL,
  `pre10` decimal(4,1) NOT NULL,
  `pre11` decimal(4,1) NOT NULL,
  `pre12` decimal(4,1) NOT NULL,
  `pre13` decimal(4,1) NOT NULL,
  `pre14` decimal(4,1) NOT NULL,
  `pre15` decimal(4,1) NOT NULL,
  `pre16` decimal(4,1) NOT NULL,
  `pre17` decimal(4,1) NOT NULL,
  `pre18` decimal(4,1) NOT NULL,
  `pre19` decimal(4,1) NOT NULL,
  `pre20` decimal(4,1) NOT NULL,
  `pre21` decimal(4,1) NOT NULL,
  `pre22` decimal(4,1) NOT NULL,
  `pre23` decimal(4,1) NOT NULL,
  `pre24` decimal(4,1) NOT NULL,
  `pre25` decimal(4,1) NOT NULL,
  `debilidades` varchar(200) NOT NULL,
  `fortalezas` varchar(200) NOT NULL
) ENGINE=InnoDB DEFAULT CHARSET=utf8mb4;

-- --------------------------------------------------------

--
-- Estructura de tabla para la tabla `resultado_tactico`
--

CREATE TABLE `resultado_tactico` (
  `id` int(11) NOT NULL,
  `idIdentificacion` int(11) NOT NULL,
  `idIdentificacionConsultor` int(20) NOT NULL,
  `FechaEvaluacion` date NOT NULL,
  `CONS_REL_INTER` decimal(4,1) NOT NULL,
  `EXEL_OPERACION` decimal(4,1) NOT NULL,
  `GEST_RECURSOS` decimal(4,1) NOT NULL,
  `ADAPT_CAMBIO` decimal(4,1) NOT NULL,
  `ORIEN_RESULTA` decimal(4,1) NOT NULL,
  `SGC` decimal(4,1) NOT NULL,
  `SEG_IND_SAL_OCUP` decimal(4,1) NOT NULL,
  `TOTAL` decimal(4,1) NOT NULL
) ENGINE=InnoDB DEFAULT CHARSET=utf8 COLLATE=utf8_unicode_ci;

-- --------------------------------------------------------

--
-- Estructura de tabla para la tabla `resultado_tacticoestrategico`
--

CREATE TABLE `resultado_tacticoestrategico` (
  `id` int(11) NOT NULL,
  `idIdentificacion` int(11) NOT NULL,
  `idIdentificacionConsultor` int(20) NOT NULL,
  `FechaEvaluacion` date NOT NULL,
  `GES_NEGYEXEL` decimal(4,1) NOT NULL,
  `CON_REL_INTER` decimal(4,1) NOT NULL,
  `GES_RECU` decimal(4,1) NOT NULL,
  `ADAP_CAMBIO` decimal(4,1) NOT NULL,
  `ORIEN_RESULT` decimal(4,1) NOT NULL,
  `SGC` decimal(4,1) NOT NULL,
  `SEG_IND_SAL_OCUP` decimal(4,1) NOT NULL,
  `TOTAL` decimal(4,1) NOT NULL
) ENGINE=InnoDB DEFAULT CHARSET=utf8 COLLATE=utf8_unicode_ci;

-- --------------------------------------------------------

--
-- Estructura de tabla para la tabla `resultado_tacticoestrategico_respuestas`
--

CREATE TABLE `resultado_tacticoestrategico_respuestas` (
  `Id` int(11) NOT NULL,
  `identificacionEvaluado` int(11) NOT NULL,
  `idConsultor` int(11) NOT NULL,
  `pre1` decimal(4,1) NOT NULL,
  `pre2` decimal(4,1) NOT NULL,
  `pre3` decimal(4,1) NOT NULL,
  `pre4` decimal(4,1) NOT NULL,
  `pre5` decimal(4,1) NOT NULL,
  `pre6` decimal(4,1) NOT NULL,
  `pre7` decimal(4,1) NOT NULL,
  `pre8` decimal(4,1) NOT NULL,
  `pre9` decimal(4,1) NOT NULL,
  `pre10` decimal(4,1) NOT NULL,
  `pre11` decimal(4,1) NOT NULL,
  `pre12` decimal(4,1) NOT NULL,
  `pre13` decimal(4,1) NOT NULL,
  `pre14` decimal(4,1) NOT NULL,
  `pre15` decimal(4,1) NOT NULL,
  `pre16` decimal(4,1) NOT NULL,
  `pre17` decimal(4,1) NOT NULL,
  `pre18` decimal(4,1) NOT NULL,
  `pre19` decimal(4,1) NOT NULL,
  `pre20` decimal(4,1) NOT NULL,
  `pre21` decimal(4,1) NOT NULL,
  `pre22` decimal(4,1) NOT NULL,
  `pre23` decimal(4,1) NOT NULL,
  `pre24` decimal(4,1) NOT NULL,
  `pre25` decimal(4,1) NOT NULL,
  `pre26` decimal(4,1) NOT NULL,
  `pre27` decimal(4,1) NOT NULL,
  `pre28` decimal(4,1) NOT NULL,
  `pre29` decimal(4,1) NOT NULL,
  `pre30` decimal(4,1) NOT NULL,
  `pre31` decimal(4,1) NOT NULL,
  `pre32` decimal(4,1) NOT NULL,
  `debilidades` varchar(200) NOT NULL,
  `fortalezas` varchar(200) NOT NULL
) ENGINE=InnoDB DEFAULT CHARSET=utf8mb4;

-- --------------------------------------------------------

--
-- Estructura de tabla para la tabla `resultado_tactico_respuestas`
--

CREATE TABLE `resultado_tactico_respuestas` (
  `id` int(11) NOT NULL,
  `idEvaluado` int(11) NOT NULL,
  `idConsultor` int(11) NOT NULL,
  `pre1` decimal(4,1) NOT NULL,
  `pre2` decimal(4,1) NOT NULL,
  `pre3` decimal(4,1) NOT NULL,
  `pre4` decimal(4,1) NOT NULL,
  `pre5` decimal(4,1) NOT NULL,
  `pre6` decimal(4,1) NOT NULL,
  `pre7` decimal(4,1) NOT NULL,
  `pre8` decimal(4,1) NOT NULL,
  `pre9` decimal(4,1) NOT NULL,
  `pre10` decimal(4,1) NOT NULL,
  `pre11` decimal(4,1) NOT NULL,
  `pre12` decimal(4,1) NOT NULL,
  `pre13` decimal(4,1) NOT NULL,
  `pre14` decimal(4,1) NOT NULL,
  `pre15` decimal(4,1) NOT NULL,
  `pre16` decimal(4,1) NOT NULL,
  `pre17` decimal(4,1) NOT NULL,
  `pre18` decimal(4,1) NOT NULL,
  `pre19` decimal(4,1) NOT NULL,
  `pre20` decimal(4,1) NOT NULL,
  `pre21` decimal(4,1) NOT NULL,
  `pre22` decimal(4,1) NOT NULL,
  `pre23` decimal(4,1) NOT NULL,
  `pre24` decimal(4,1) NOT NULL,
  `pre25` decimal(4,1) NOT NULL,
  `pre26` decimal(4,1) NOT NULL,
  `pre27` decimal(4,1) NOT NULL,
  `pre28` decimal(4,1) NOT NULL,
  `pre29` decimal(4,1) NOT NULL,
  `pre30` decimal(4,1) NOT NULL,
  `pre31` decimal(4,1) NOT NULL,
  `debilidades` varchar(200) NOT NULL,
  `fortalezas` varchar(200) NOT NULL
) ENGINE=InnoDB DEFAULT CHARSET=utf8mb4;

-- --------------------------------------------------------

--
-- Estructura de tabla para la tabla `u_consultor`
--

CREATE TABLE `u_consultor` (
  `Identificacion` int(20) NOT NULL,
  `email` varchar(60) COLLATE utf8_unicode_ci NOT NULL,
  `password` varchar(40) COLLATE utf8_unicode_ci NOT NULL,
  `Nombres` varchar(30) COLLATE utf8_unicode_ci NOT NULL,
  `Apellidos` varchar(30) COLLATE utf8_unicode_ci NOT NULL,
  `Cargo` varchar(60) COLLATE utf8_unicode_ci NOT NULL
) ENGINE=InnoDB DEFAULT CHARSET=utf8 COLLATE=utf8_unicode_ci COMMENT='Usuarios-consultores';

--
-- Volcado de datos para la tabla `u_consultor`
--

INSERT INTO `u_consultor` (`Identificacion`, `email`, `password`, `Nombres`, `Apellidos`, `Cargo`) VALUES
(1, 'jorgua87@gmail.com', '7fadfd6ed06e62cf430c8dc25d787a5b2c2d00b2', 'JORGE LUIS', 'GUACA TORRES', 'INGENIERO DE SISTEMAS'),
(2284145, 'gerencia@ingenieriadevias.com.co', '15bb0d1f9111441686524d2ac575645d2904b546', 'PEDRO ', 'CONTECHA CARRILLO', 'GERENTE GENERAL'),
(4888122, 'jesustch@hotmail.com', '9b50b48d3167e798163b04dcb3472ae50622b546', 'JESUS ANTONIO', 'TOVAR CHILITO', 'JEFE DE PLANTA'),
(5822626, 'plantagalindez@hotmail.com', '4fcfe786d132524c34465fe95c1d617a20dbe584', 'ELKIN ', 'ROSERO LATORRE', 'JEFE DE PLANTA'),
(5881817, 'albertocontechacarrillo747@gmail.com', '868212e43a8c82a0d73c3229282be7ee7bbcafdf', 'ALBERTO ', 'CONTECHA CARRILLO', 'GERENTE DE MMTO'),
(5885309, 'juancarlosconte@yahoo.es', 'c95ac81613ddebf20bef4bb4390f1961d69f3139', 'JUAN CARLOS', 'CONTECHA CARRILLO', 'DIRECTOR DE COMPRAS'),
(5966465, 'miguelangelradarodriguez@yahoo.es', '8b671ba7692a76ae0705e8480d8ec239cc3d361d', 'MIGUEL ANGEL', 'RADA RODRIGUEZ', 'DIRECTOR DE OBRA'),
(6768479, 'jcgaona115@gmail.com', 'f9cb60ad2771c0dac39a85047fa260646b0f77eb', 'JULIO CESAR', 'GAONA GONZALEZ', 'DIRECTOR DE OBRA '),
(7174847, 'daigop@gmail.com ', '419850f1ed8cbc2d5c84a4aa77c50482d5eeb04f', 'DIEGO FERNANDO', 'PEREZ PESCA', 'JEFE DE CANTERA'),
(7301726, 'cningenieriaeu@gmail.com', '4312027cde2e9d57bddf16043482e6ea40c9ebf2', 'NESTOR  ORLANDO', 'COCA', 'DIRECTOR DE OBRA'),
(10695544, 'transportegalindez@hotmail.com', 'ee96522bc8d02a8e8165dd544f9ec7d4b6c5f810', 'ALEX JAVIER', 'RAMIREZ PEREZ', 'COORDINADOR DE TRANSPORTE'),
(12981407, 'jigomezg@outlook.com', '140cc1030e0beba3c2cc66c7021d116e6820aa01', 'JAIME IGNACIO', 'GOMEZ GUERRA', 'DIRECTOR DE OBRA'),
(13495606, 'dviafara@ingenieriadevias.com.co', 'c57022634e26bb6e827a0044417c75dec9a331cd', 'DIEGO HUMBERTO', 'VIAFARA BALCAZAR', 'DIRECTOR DE OBRA'),
(13842350, 'gilbertorod@yahoo.com', '5c9cdbdf89ee2abaf41a5bd1b22ad7e4a29e0abc', 'GILBERTO ', 'RODRIGUEZ GOMEZ', 'GERENTE DE PROYECTOS'),
(13992606, 'cgeocas@hotmail.com', 'c36425f4b29fa2ea163853ce8617d0bcf37dfb68', 'CARLOS GEOVA', 'CASTELLANOS BARRERO', 'DIRECTOR DE OBRA'),
(14296531, 'victorecheverry01@gmail.com', '6d2b46242699e8b8be474a2aa3f19974b4a530ab', 'VICTOR ALFONSO', 'ECHEVERRY CULMA', 'JEFE DE PLANTA'),
(15504291, 'cningenieriaeu@gmail.com', '09b7848cfb0e2a003ef407fe5fc60402219dc029', 'WERNER CALIXTO', 'CUARTAS JIMENEZ', 'INGENIERO DIRECTOR DE OBRA'),
(16709247, 'ruben.dario.mancera@gmail.com', '375605063d4b60f9965fd25d6ec13889332b9cdf', 'RUBEN DARIO', 'MANCERA CARRILLO', 'JEFE DE PLANTA'),
(19265798, 'gerencia@ingenieriadevias.com.co', '80c4f598df98d9d626dec231e409035d5e834f49', 'JESUS ANTONIO', 'CONTECHA CARRILLO', 'GERENTE ADMINISTRATIVO Y FINANCIERO'),
(27983910, 'sgarcia@ingenieriadevias.com.co', 'c476fb007ea9bbe7530d0037827b53f2e5799e75', 'SANDRA MILENA', 'GARCIA CAMELO', 'DIRECTOR NAL CSM'),
(28951310, 'calidadplantaolaya@gmail.com', 'e9a154e94a972627a8ae21d891c7c98c03ab7997', 'YENNI YOBHANA', 'VARGAS CRISTANCHO', 'JEFE DE PLANTA'),
(41689648, 'jefecontabilidad@ingenieriadevias.com.co', '87e0f577fdae9898da6483d4ae0569f779226d9a', 'NANCY ', 'ROJAS RICO', 'CONTADOR'),
(52084119, 'sorayacontecha@ingenieriadevias.com.co', '25a7410b58fe69fefc760d4f908ca4b47cf71d39', 'SORAYA INES', 'CONTECHA CARRILLO', 'DIRECTOR DE GH'),
(52336273, 'drivera@ingenieriadevias.com.co', 'cc1ae960cdd022a4e9ad5b55348c7e5af1a60c56', 'DORIS ', 'RIVERA VELANDIA', 'JEFE DE TESORER?A'),
(63324641, 'jcepeda@ingenieriadevias.com.co', '8d8f3a08c71d1c270b1526fc74075f55ea324eda', 'JACQUELINE ', 'CEPEDA FERNANDEZ', 'ASISTENTE DE GERENCIA'),
(71625272, 'calidadplantaloscocos@gmail.com', 'f0c373d0273e696e4e9c0402afa8210823bc6e5c', 'OMAR DARIO', 'SEPULVEDA SERRANO', 'INGENIERO DIRECTOR GENERAL DE OBRA'),
(75064441, 'acortes@ingenieriadevias.com.co', '4cef82d343d52772e209349aaa845697c7fddf8d', 'ALDEMAR ', 'CORTES SALINAS', 'DIRECTOR DE OBRA'),
(76308960, 'jsmontealegrez@yahoo.com', '3dddaca619b5e01bbda27f36df02112584e00aca', 'JOSE FERNANDO', 'MONTEALEGRE LOPEZ', 'DIRECTOR DE OBRA'),
(76314250, 'ejacar1971@yahoo.com', '42339932167b9619944edd59eeb2887b81021185', 'EDGAR JAVIER', 'CAICEDO RENDON', 'DIRECTOR DE OBRA'),
(79261636, 'jormafenu@yahoo.es', 'a5385be8a28772d50189f33417dec5e71d3899f1', 'JORGE ALFREDO', 'PEREZ TEJEDOR', 'JEFE DE PLANTA'),
(79601202, 'leon11gonza@hotmail.com', 'a74939b546c0197fa5f60e75fdd17a498645bcc6', 'LEONARDO ', 'GONZALEZ RIA?O', 'DIRECTOR DE OBRA '),
(79743048, 'javierbayona@gmail.com', 'd565da551c4c6cc2bab9073379ddf40b3fc82e9f', 'PEDRO JAVIER', 'VARGAS BAYONA', 'JEFE DE PLANTA'),
(80173670, 'grodriguez@ingenieriadevias.com.co', '86d3704cb67e39a8b106d076306975d13bee8a9b', 'GERARDO ALONSO', 'RODRIGUEZ ROMERO', 'INGENIERO GEOTECNISTA'),
(88224605, 'jprada@ingenieriadevias.com.co', 'c64ed503f469b8ec87954afc0f7d84bd059ea68a', 'JAIME IVAN', 'PRADA VANEGAS', 'DIRECTOR JUR?DICO'),
(89006321, 'inghugoherrera@hotmail.com', '8ebc31c4fdf2cc292d0e3f0dbb5026b45697e74f', 'HUGO HERNAN', 'HERRERA GONZALEZ', 'DIRECTOR DE OBRA'),
(1018413161, 'jespitia@ingenieriadevias.com.co', 'bca21e8dfa1223d0b7a07909b4e0b7bdb1a0f676', 'JUAN CARLOS', 'ESPITIA PARRA', 'DIRECTOR DE LICITACIONES'),
(1097638786, 'julianingenieriadevias@gmail.com', '4009d99353f374a1834f7bbab6828d46eef011b8', 'JULIAN DAVID', 'CADENA VELASCO', 'DIRECTOR DE OBRA '),
(1110452148, 'cccb36@hotmail.com', 'b383199b11ad0e3b73a941462ada6399e8567ebd', 'CRISTIAN CAMILO', 'CONTECHA BELTRAN', 'JEFE DE PLANTA ');

--
-- Índices para tablas volcadas
--

--
-- Indices de la tabla `categoria`
--
ALTER TABLE `categoria`
  ADD PRIMARY KEY (`id`);

--
-- Indices de la tabla `evaluados`
--
ALTER TABLE `evaluados`
  ADD PRIMARY KEY (`Identificacion`),
  ADD KEY `fk_Categoria` (`idCategoria`),
  ADD KEY `fk_Consultor` (`idConsultor`);

--
-- Indices de la tabla `resultado_estrategica_respuestas`
--
ALTER TABLE `resultado_estrategica_respuestas`
  ADD PRIMARY KEY (`Id`),
  ADD KEY `ForaneaConsultor` (`idconsultor`),
  ADD KEY `ForaneaEvaluado` (`idevaluado`);

--
-- Indices de la tabla `resultado_estrategico`
--
ALTER TABLE `resultado_estrategico`
  ADD PRIMARY KEY (`id`),
  ADD KEY `fk_IdentificacionEvaluados` (`idIdentificacion`),
  ADD KEY `fk_IdentificacionConsultor` (`idIdentificacionConsultor`);

--
-- Indices de la tabla `resultado_operativo`
--
ALTER TABLE `resultado_operativo`
  ADD PRIMARY KEY (`id`),
  ADD KEY `fk_IdentificacionEvaluado` (`idIdentificacion`),
  ADD KEY `fk_IdentificacionConsultor` (`idIdentificacionConsultor`);

--
-- Indices de la tabla `resultado_operativo_respuestas`
--
ALTER TABLE `resultado_operativo_respuestas`
  ADD PRIMARY KEY (`id`),
  ADD KEY `franea_Evaluado` (`idEvaluado`),
  ADD KEY `fanea_Evaluador` (`idCosultor`);

--
-- Indices de la tabla `resultado_tactico`
--
ALTER TABLE `resultado_tactico`
  ADD PRIMARY KEY (`id`),
  ADD KEY `fk_IdentificacionEvaluado` (`idIdentificacion`),
  ADD KEY `fk_IdentificacionConsultor` (`idIdentificacionConsultor`);

--
-- Indices de la tabla `resultado_tacticoestrategico`
--
ALTER TABLE `resultado_tacticoestrategico`
  ADD PRIMARY KEY (`id`),
  ADD KEY `fk_IdEvaluado` (`idIdentificacion`),
  ADD KEY `fk_IdentificacionConsultor` (`idIdentificacionConsultor`);

--
-- Indices de la tabla `resultado_tacticoestrategico_respuestas`
--
ALTER TABLE `resultado_tacticoestrategico_respuestas`
  ADD PRIMARY KEY (`Id`),
  ADD KEY `fk_idEvaluado` (`identificacionEvaluado`),
  ADD KEY `ForaneaEvaluador` (`idConsultor`);

--
-- Indices de la tabla `resultado_tactico_respuestas`
--
ALTER TABLE `resultado_tactico_respuestas`
  ADD PRIMARY KEY (`id`),
  ADD KEY `Foranea_evaluado` (`idEvaluado`),
  ADD KEY `Foranea_Evaluador` (`idConsultor`);

--
-- Indices de la tabla `u_consultor`
--
ALTER TABLE `u_consultor`
  ADD PRIMARY KEY (`Identificacion`);

--
-- AUTO_INCREMENT de las tablas volcadas
--

--
-- AUTO_INCREMENT de la tabla `resultado_estrategica_respuestas`
--
ALTER TABLE `resultado_estrategica_respuestas`
  MODIFY `Id` int(11) NOT NULL AUTO_INCREMENT;

--
-- AUTO_INCREMENT de la tabla `resultado_estrategico`
--
ALTER TABLE `resultado_estrategico`
  MODIFY `id` int(11) NOT NULL AUTO_INCREMENT;

--
-- AUTO_INCREMENT de la tabla `resultado_operativo`
--
ALTER TABLE `resultado_operativo`
  MODIFY `id` int(11) NOT NULL AUTO_INCREMENT;

--
-- AUTO_INCREMENT de la tabla `resultado_operativo_respuestas`
--
ALTER TABLE `resultado_operativo_respuestas`
  MODIFY `id` int(11) NOT NULL AUTO_INCREMENT;

--
-- AUTO_INCREMENT de la tabla `resultado_tactico`
--
ALTER TABLE `resultado_tactico`
  MODIFY `id` int(11) NOT NULL AUTO_INCREMENT;

--
-- AUTO_INCREMENT de la tabla `resultado_tacticoestrategico`
--
ALTER TABLE `resultado_tacticoestrategico`
  MODIFY `id` int(11) NOT NULL AUTO_INCREMENT;

--
-- AUTO_INCREMENT de la tabla `resultado_tacticoestrategico_respuestas`
--
ALTER TABLE `resultado_tacticoestrategico_respuestas`
  MODIFY `Id` int(11) NOT NULL AUTO_INCREMENT;

--
-- AUTO_INCREMENT de la tabla `resultado_tactico_respuestas`
--
ALTER TABLE `resultado_tactico_respuestas`
  MODIFY `id` int(11) NOT NULL AUTO_INCREMENT;

--
-- Restricciones para tablas volcadas
--

--
-- Filtros para la tabla `evaluados`
--
ALTER TABLE `evaluados`
  ADD CONSTRAINT `Evaluados_ibfk_1` FOREIGN KEY (`idCategoria`) REFERENCES `categoria` (`id`),
  ADD CONSTRAINT `Evaluados_ibfk_2` FOREIGN KEY (`idConsultor`) REFERENCES `u_consultor` (`Identificacion`);

--
-- Filtros para la tabla `resultado_estrategica_respuestas`
--
ALTER TABLE `resultado_estrategica_respuestas`
  ADD CONSTRAINT `fkkk` FOREIGN KEY (`idconsultor`) REFERENCES `u_consultor` (`Identificacion`) ON DELETE CASCADE ON UPDATE CASCADE,
  ADD CONSTRAINT `fkkkevaludao` FOREIGN KEY (`idevaluado`) REFERENCES `evaluados` (`Identificacion`) ON DELETE CASCADE ON UPDATE CASCADE;

--
-- Filtros para la tabla `resultado_estrategico`
--
ALTER TABLE `resultado_estrategico`
  ADD CONSTRAINT `Resultado_Estrategico_ibfk_1` FOREIGN KEY (`idIdentificacion`) REFERENCES `evaluados` (`Identificacion`),
  ADD CONSTRAINT `Resultado_Estrategico_ibfk_2` FOREIGN KEY (`idIdentificacionConsultor`) REFERENCES `u_consultor` (`Identificacion`);

--
-- Filtros para la tabla `resultado_operativo`
--
ALTER TABLE `resultado_operativo`
  ADD CONSTRAINT `Resultado_Operativo_ibfk_1` FOREIGN KEY (`idIdentificacion`) REFERENCES `evaluados` (`Identificacion`),
  ADD CONSTRAINT `Resultado_Operativo_ibfk_2` FOREIGN KEY (`idIdentificacionConsultor`) REFERENCES `u_consultor` (`Identificacion`);

--
-- Filtros para la tabla `resultado_operativo_respuestas`
--
ALTER TABLE `resultado_operativo_respuestas`
  ADD CONSTRAINT `fevaluado` FOREIGN KEY (`idEvaluado`) REFERENCES `evaluados` (`Identificacion`) ON DELETE CASCADE ON UPDATE CASCADE,
  ADD CONSTRAINT `fevaluador` FOREIGN KEY (`idCosultor`) REFERENCES `u_consultor` (`Identificacion`) ON DELETE CASCADE ON UPDATE CASCADE;

--
-- Filtros para la tabla `resultado_tactico`
--
ALTER TABLE `resultado_tactico`
  ADD CONSTRAINT `Resultado_Tactico_ibfk_1` FOREIGN KEY (`idIdentificacion`) REFERENCES `evaluados` (`Identificacion`),
  ADD CONSTRAINT `Resultado_Tactico_ibfk_2` FOREIGN KEY (`idIdentificacionConsultor`) REFERENCES `u_consultor` (`Identificacion`);

--
-- Filtros para la tabla `resultado_tacticoestrategico`
--
ALTER TABLE `resultado_tacticoestrategico`
  ADD CONSTRAINT `Resultado_TacticoEstrategico_ibfk_1` FOREIGN KEY (`idIdentificacion`) REFERENCES `evaluados` (`Identificacion`),
  ADD CONSTRAINT `Resultado_TacticoEstrategico_ibfk_2` FOREIGN KEY (`idIdentificacionConsultor`) REFERENCES `u_consultor` (`Identificacion`);

--
-- Filtros para la tabla `resultado_tacticoestrategico_respuestas`
--
ALTER TABLE `resultado_tacticoestrategico_respuestas`
  ADD CONSTRAINT `consultorfk` FOREIGN KEY (`idConsultor`) REFERENCES `u_consultor` (`Identificacion`) ON DELETE CASCADE ON UPDATE CASCADE,
  ADD CONSTRAINT `evaluadofk` FOREIGN KEY (`identificacionEvaluado`) REFERENCES `evaluados` (`Identificacion`) ON DELETE CASCADE ON UPDATE CASCADE;

--
-- Filtros para la tabla `resultado_tactico_respuestas`
--
ALTER TABLE `resultado_tactico_respuestas`
  ADD CONSTRAINT `FK_EVALUADO` FOREIGN KEY (`idEvaluado`) REFERENCES `evaluados` (`Identificacion`) ON DELETE CASCADE ON UPDATE CASCADE,
  ADD CONSTRAINT `FK_EVALUADOR` FOREIGN KEY (`idConsultor`) REFERENCES `u_consultor` (`Identificacion`) ON DELETE CASCADE ON UPDATE CASCADE;
COMMIT;

/*!40101 SET CHARACTER_SET_CLIENT=@OLD_CHARACTER_SET_CLIENT */;
/*!40101 SET CHARACTER_SET_RESULTS=@OLD_CHARACTER_SET_RESULTS */;
/*!40101 SET COLLATION_CONNECTION=@OLD_COLLATION_CONNECTION */;
